Recency,Frequency,Monetary,AveOrderValue,churn,ltv
4,21,5921.65,12.414360587002095,0,5921.65
211,2,1437.43,239.5716666666667,1,1437.43
53,1,335.54,16.777,0,335.54
26,2,519.29,12.982249999999999,0,519.29
50,1,515.78,19.837692307692308,0,515.78
80,1,390.21,15.6084,0,390.21
200,2,218.53,19.866363636363637,1,218.53
24,3,1946.28,36.04222222222222,0,1946.28
157,2,149.7,49.9,1,149.7
2,37,30501.260000000002,157.22298969072165,0,30501.260000000002
82,6,2118.7000000000003,24.076136363636365,0,2118.7000000000003
33,1,179.4,13.8,0,179.4
65,1,61.28,12.256,0,61.28
325,1,76.74000000000001,12.790000000000001,1,76.74000000000001
7,46,23616.422,65.23873480662984,0,23616.422
22,3,1488.17,18.83759493670886,0,1488.17
25,1,491.23,9.268490566037736,0,491.23
51,1,877.7,62.69285714285714,0,877.7
71,7,3400.33,40.48011904761905,0,3400.33
369,1,147.4,16.37777777777778,1,147.4
30,2,399.3,21.01578947368421,0,399.3
74,5,3188.2000000000003,151.81904761904764,0,3188.2000000000003
32,5,2306.48,7.298987341772152,0,2306.48
4,28,3817.16,6.708541300527241,0,3817.16
43,1,195.0,39.0,0,195.0
51,4,1110.83,12.206923076923076,0,1110.83
9,2,469.78,5.799753086419753,0,469.78
24,2,658.18,16.4545,0,658.18
67,1,424.26,16.970399999999998,0,424.26
47,2,418.08,15.484444444444444,0,418.08
30,8,1899.1200000000001,17.264727272727274,0,1899.1200000000001
290,1,217.23999999999998,4.098867924528301,1,217.23999999999998
61,2,329.42,4.278181818181818,0,329.42
47,1,331.35,22.09,0,331.35
4,14,2529.46,8.081341853035143,0,2529.46
172,3,714.51,19.8475,1,714.51
26,1,265.25,10.201923076923077,0,265.25
322,1,1807.98,16.43618181818182,1,1807.98
113,2,620.06,56.36909090909091,1,620.06
54,3,723.95,3.5487745098039216,0,723.95
58,4,636.57,4.330408163265306,0,636.57
276,1,193.29000000000002,16.1075,1,193.29000000000002
21,3,819.01,17.804565217391303,0,819.01
59,2,773.6700000000001,10.896760563380283,0,773.6700000000001
59,5,705.11,14.689791666666666,0,705.11
21,6,5005.78,178.77785714285713,0,5005.78
50,1,368.75,73.75,0,368.75
239,1,508.55,14.95735294117647,1,508.55
72,5,1572.8600000000001,23.475522388059705,0,1572.8600000000001
30,8,2776.19,14.845935828877005,0,2776.19
1,10,2797.53,19.563146853146854,0,2797.53
116,2,360.0,30.0,1,360.0
95,2,758.67,32.98565217391304,1,758.67
8,9,4242.1,23.698882681564246,0,4242.1
67,4,1774.68,20.635813953488373,0,1774.68
262,1,117.05000000000001,13.005555555555556,1,117.05000000000001
297,1,159.68,17.742222222222225,1,159.68
305,1,29.1,9.700000000000001,1,29.1
287,2,310.46999999999997,31.046999999999997,1,310.46999999999997
77,1,1397.08,33.26380952380952,0,1397.08
46,2,310.55,5.750925925925926,0,310.55
297,1,171.25,11.416666666666666,1,171.25
2,9,2782.02,17.06760736196319,0,2782.02
10,2,679.8,97.11428571428571,0,679.8
196,1,140.14,14.014,1,140.14
63,1,307.34,13.969999999999999,0,307.34
337,1,323.40000000000003,13.475000000000001,1,323.40000000000003
28,3,826.89,15.312777777777777,0,826.89
232,1,284.86,16.756470588235295,1,284.86
74,9,22710.2,567.755,0,22710.2
70,2,826.27,19.673095238095236,0,826.27
79,4,1077.82,30.79485714285714,0,1077.82
25,4,1579.97,18.587882352941175,0,1579.97
145,2,679.44,5.908173913043479,1,679.44
295,1,307.21000000000004,27.928181818181823,1,307.21000000000004
57,3,2020.4,84.18333333333334,0,2020.4
15,11,1654.08,18.378666666666668,0,1654.08
15,11,3628.87,15.777695652173913,0,3628.87
8,3,737.0500000000001,23.032812500000002,0,737.0500000000001
1,3,626.77,18.43441176470588,0,626.77
40,20,14353.28,20.89269286754003,0,14353.28
15,4,622.07,9.874126984126985,0,622.07
127,1,591.87,15.176153846153847,1,591.87
59,2,329.04,47.00571428571429,0,329.04
99,3,390.0,39.0,1,390.0
19,8,3101.66,10.443299663299662,0,3101.66
11,1,57.8,19.266666666666666,0,57.8
99,3,588.05,16.80142857142857,1,588.05
63,41,6043.31,9.747274193548387,0,6043.31
23,6,2430.29,7.5709968847352025,0,2430.29
18,2,465.15,8.457272727272727,0,465.15
212,1,310.74,14.124545454545455,1,310.74
82,9,3681.03,63.46603448275862,0,3681.03
98,1,318.65,16.771052631578947,1,318.65
59,1,293.5,14.675,0,293.5
2,1,168.6,24.085714285714285,0,168.6
8,2,1024.55,17.66465517241379,0,1024.55
148,1,167.62,13.968333333333334,1,167.62
21,2,1558.22,34.62711111111111,0,1558.22
117,3,641.36,40.085,1,641.36
262,1,241.89999999999998,34.55714285714286,1,241.89999999999998
19,2,508.0,13.025641025641026,0,508.0
37,3,749.0600000000001,19.206666666666667,0,749.0600000000001
148,2,990.0,495.0,1,990.0
80,1,856.01,16.46173076923077,0,856.01
100,1,186.15,16.922727272727272,1,186.15
183,3,1191.53,16.782112676056336,1,1191.53
25,2,1140.58,13.90951219512195,0,1140.58
74,6,3240.14,18.72913294797688,0,3240.14
54,1,540.15,9.476315789473684,0,540.15
257,2,255.59,6.38975,1,255.59
5,16,5247.01,7.593357452966715,0,5247.01
109,1,760.1,23.033333333333335,1,760.1
100,4,721.65,10.458695652173912,1,721.65
1,1,258.75,16.171875,0,258.75
59,3,926.12,20.580444444444446,0,926.12
40,3,1795.22,44.8805,0,1795.22
8,7,1354.82,19.35457142857143,0,1354.82
124,2,293.09999999999997,6.513333333333333,1,293.09999999999997
201,1,360.08,21.181176470588234,1,360.08
236,2,655.47,14.897045454545456,1,655.47
61,6,2563.36,21.90905982905983,0,2563.36
44,2,1157.77,24.120208333333334,0,1157.77
32,3,1069.23,10.48264705882353,0,1069.23
284,1,156.6,6.808695652173912,1,156.6
239,3,781.59,14.746981132075472,1,781.59
2,4,1025.18,6.9740136054421775,0,1025.18
14,2,1480.8600000000001,27.423333333333336,0,1480.8600000000001
11,8,3666.9500000000003,19.505053191489363,0,3666.9500000000003
1,1,308.28000000000003,22.020000000000003,0,308.28000000000003
240,1,1954.99,44.43159090909091,1,1954.99
12,6,1375.65,14.791935483870969,0,1375.65
57,1,192.45,12.83,0,192.45
211,1,230.1,25.566666666666666,1,230.1
68,6,2037.7,59.932352941176475,0,2037.7
59,4,1597.76,15.664313725490196,0,1597.76
373,1,130.18,2.83,1,130.18
9,11,4834.400000000001,31.597385620915038,0,4834.400000000001
25,2,503.15,38.70384615384615,0,503.15
1,10,2202.4700000000003,6.292771428571429,0,2202.4700000000003
52,4,2112.21,14.368775510204081,0,2112.21
74,2,1502.98,751.49,0,1502.98
59,2,1361.96,61.907272727272726,0,1361.96
197,1,71.95,17.9875,1,71.95
40,1,415.79,25.986875,0,415.79
260,2,239.4,23.94,1,239.4
226,3,1128.72,225.744,1,1128.72
179,1,190.48000000000002,15.873333333333335,1,190.48000000000002
362,1,313.64,20.909333333333333,1,313.64
16,4,2209.98,27.974430379746835,0,2209.98
10,6,797.8499999999999,132.975,0,797.8499999999999
29,2,748.73,10.696142857142858,0,748.73
26,8,2310.83,33.98279411764706,0,2310.83
198,3,434.6,14.986206896551725,1,434.6
53,3,2660.0,221.66666666666666,0,2660.0
30,6,3078.4,49.65161290322581,0,3078.4
17,2,1077.2,29.113513513513514,0,1077.2
46,7,4354.32,46.82064516129032,0,4354.32
23,1,170.5,6.089285714285714,0,170.5
52,1,536.77,11.66891304347826,0,536.77
164,4,1234.48,26.265531914893618,1,1234.48
60,4,382.42,4.840759493670887,0,382.42
19,3,1712.1200000000001,16.78549019607843,0,1712.1200000000001
9,5,3196.51,42.620133333333335,0,3196.51
38,2,673.6,29.286956521739132,0,673.6
113,1,148.95,4.965,1,148.95
33,9,3094.02,6.597057569296375,0,3094.02
4,14,7136.16,12.697793594306049,0,7136.16
255,1,167.4,20.925,1,167.4
35,7,5854.84,17.019883720930235,0,5854.84
162,2,596.1899999999999,22.08111111111111,1,596.1899999999999
8,6,2751.64,33.1522891566265,0,2751.64
106,2,104.0,8.0,1,104.0
185,3,584.59,3.5429696969696973,1,584.59
9,10,1583.28,11.556788321167883,0,1583.28
3,7,1679.8,19.088636363636365,0,1679.8
177,2,603.9,46.45384615384615,1,603.9
211,1,238.8,15.92,1,238.8
67,3,731.25,17.00581395348837,0,731.25
2,18,5236.77,24.357069767441864,0,5236.77
9,48,47111.18,52.87450056116723,0,47111.18
2,13,3378.66,49.68617647058824,0,3378.66
157,5,1585.5,31.08823529411765,1,1585.5
33,1,302.65000000000003,25.220833333333335,0,302.65000000000003
166,2,251.71,16.78066666666667,1,251.71
26,3,148.33,16.48111111111111,0,148.33
316,1,138.18,10.62923076923077,1,138.18
277,1,151.5,30.3,1,151.5
66,2,1121.24,28.031,0,1121.24
19,6,2503.89,4.742215909090909,0,2503.89
9,2,297.95,16.552777777777777,0,297.95
134,3,594.21,13.818837209302327,1,594.21
53,4,546.0,39.0,0,546.0
36,2,5205.400000000001,121.05581395348838,0,5205.400000000001
10,9,2011.82,18.97943396226415,0,2011.82
33,8,1824.06,8.604056603773584,0,1824.06
87,5,3533.77,26.770984848484847,0,3533.77
3,5,1171.89,18.31078125,0,1171.89
325,1,211.95,9.215217391304348,1,211.95
213,2,209.4,5.982857142857143,1,209.4
15,2,1341.56,18.89521126760563,0,1341.56
21,5,2502.82,15.35472392638037,0,2502.82
151,2,1415.45,20.81544117647059,1,1415.45
22,5,1518.35,33.74111111111111,0,1518.35
182,3,868.96,17.3792,1,868.96
5,11,2515.45,5.516337719298245,0,2515.45
66,1,217.6,7.771428571428571,0,217.6
23,1,101.16,20.232,0,101.16
80,3,780.46,14.190181818181818,0,780.46
5,9,4435.58,5.621774397972117,0,4435.58
2,12,4659.47,18.637880000000003,0,4659.47
66,5,1210.72,15.723636363636365,0,1210.72
21,4,983.68,3.2251803278688524,0,983.68
26,3,960.69,10.442282608695653,0,960.69
12,4,1450.02,3.7275578406169667,0,1450.02
47,1,115.58,2.751904761904762,0,115.58
140,1,226.9,3.437878787878788,1,226.9
10,3,987.95,18.64056603773585,0,987.95
147,4,577.8900000000001,57.78900000000001,1,577.8900000000001
61,2,343.7,17.185,0,343.7
12,3,900.77,15.80298245614035,0,900.77
10,7,2753.41,18.858972602739726,0,2753.41
15,2,965.2,31.135483870967743,0,965.2
320,2,126.45,18.064285714285713,1,126.45
18,5,1671.1399999999999,19.208505747126434,0,1671.1399999999999
45,1,731.36,17.413333333333334,0,731.36
313,1,129.75,25.95,1,129.75
73,4,1146.33,19.764310344827585,0,1146.33
50,4,1410.68,41.49058823529412,0,1410.68
183,4,1028.66,20.993061224489797,1,1028.66
298,1,59.400000000000006,59.400000000000006,1,59.400000000000006
31,2,1541.19,18.13164705882353,0,1541.19
17,7,1531.9,10.212666666666667,0,1531.9
40,7,4345.66,45.267291666666665,0,4345.66
106,3,884.59,23.27868421052632,1,884.59
2,8,2785.1,29.316842105263156,0,2785.1
66,6,3512.62,23.89537414965986,0,3512.62
60,1,656.16,16.00390243902439,0,656.16
88,2,147.12,6.6872727272727275,0,147.12
302,1,152.39999999999998,152.39999999999998,1,152.39999999999998
31,1,465.4,8.95,0,465.4
4,47,20116.99,15.59456589147287,0,20116.99
371,1,424.03,11.158684210526316,1,424.03
262,1,174.02,8.701,1,174.02
46,2,512.77,15.538484848484847,0,512.77
28,4,2181.71,30.30152777777778,0,2181.71
10,10,2809.14,17.44807453416149,0,2809.14
63,8,4143.05,17.191078838174274,0,4143.05
64,8,3908.44,15.50968253968254,0,3908.44
16,5,2806.0,19.21917808219178,0,2806.0
15,10,2622.77,6.335193236714976,0,2622.77
15,5,2057.77,20.373960396039603,0,2057.77
151,4,1160.41,23.2082,1,1160.41
53,2,202.82999999999998,28.975714285714282,0,202.82999999999998
84,1,229.2,76.39999999999999,0,229.2
11,1,300.93,14.33,0,300.93
51,1,326.06,9.057222222222222,0,326.06
105,4,515.0,19.074074074074073,1,515.0
29,9,3934.25,16.88519313304721,0,3934.25
40,2,357.66,16.257272727272728,0,357.66
165,4,1648.7,17.53936170212766,1,1648.7
364,1,160.55,20.06875,1,160.55
180,3,570.66,33.56823529411764,1,570.66
254,1,390.69,13.953214285714285,1,390.69
18,1,439.33000000000004,9.34744680851064,0,439.33000000000004
59,2,2557.35,17.883566433566433,0,2557.35
163,1,678.2,30.827272727272728,1,678.2
74,1,118.85999999999999,19.81,0,118.85999999999999
15,2,282.79,14.883684210526317,0,282.79
38,2,769.78,17.495,0,769.78
198,2,614.34,19.198125,1,614.34
9,5,2075.31,15.963923076923077,0,2075.31
71,1,919.7,19.56808510638298,0,919.7
145,1,230.44,5.009565217391304,1,230.44
28,1,231.10999999999999,6.419722222222222,0,231.10999999999999
15,6,3199.92,16.494432989690722,0,3199.92
54,4,754.33,4.335229885057472,0,754.33
98,2,859.2,26.85,1,859.2
8,4,612.84,9.146865671641791,0,612.84
1,2,666.13,20.8165625,0,666.13
28,6,1192.94,16.56861111111111,0,1192.94
106,1,957.98,12.281794871794872,1,957.98
61,2,1008.3199999999999,7.581353383458646,0,1008.3199999999999
58,1,188.4,18.84,0,188.4
129,6,2579.04,25.039223300970875,1,2579.04
308,1,234.0,58.5,1,234.0
98,3,2735.63,35.99513157894737,1,2735.63
110,2,561.59,15.178108108108109,1,561.59
72,2,141.6,9.44,0,141.6
268,1,114.69,8.192142857142857,1,114.69
196,1,393.72,14.582222222222223,1,393.72
10,2,631.6800000000001,10.891034482758622,0,631.6800000000001
5,1,156.74,4.124736842105263,0,156.74
45,1,346.9,15.768181818181818,0,346.9
31,7,3103.26,21.853943661971833,0,3103.26
22,10,3401.2,5.884429065743944,0,3401.2
28,2,227.87,18.989166666666666,0,227.87
262,1,300.38,16.68777777777778,1,300.38
3,8,2422.2000000000003,33.180821917808224,0,2422.2000000000003
2,6,4082.76,19.915902439024393,0,4082.76
39,1,452.0,20.545454545454547,0,452.0
23,2,1025.1,512.55,0,1025.1
8,3,835.33,18.159347826086957,0,835.33
199,10,6286.54,40.82168831168831,1,6286.54
17,1,100.0,100.0,0,100.0
53,4,1341.95,13.555050505050506,0,1341.95
56,6,6669.97,19.5600293255132,0,6669.97
4,38,7685.54,18.041173708920187,0,7685.54
373,1,80.4,16.080000000000002,1,80.4
99,2,1950.9499999999998,69.67678571428571,1,1950.9499999999998
169,5,3094.37,31.900721649484534,1,3094.37
253,1,571.76,17.326060606060604,1,571.76
31,4,674.23,4.494866666666667,0,674.23
275,1,249.8,27.755555555555556,1,249.8
201,1,25.2,12.6,1,25.2
37,5,1953.95,10.977247191011235,0,1953.95
29,1,225.6,17.353846153846153,0,225.6
35,2,175.85,11.723333333333333,0,175.85
234,2,445.0,15.892857142857142,1,445.0
25,10,2646.18,6.407215496368038,0,2646.18
15,5,2271.35,52.82209302325581,0,2271.35
44,1,732.94,17.04511627906977,0,732.94
1,12,4331.41,56.25207792207792,0,4331.41
59,1,100.2,25.05,0,100.2
187,2,617.6,34.31111111111111,1,617.6
163,1,75.3,25.099999999999998,1,75.3
60,2,266.66,3.9214705882352945,0,266.66
256,2,54.09,4.160769230769231,1,54.09
29,7,2136.02,24.000224719101123,0,2136.02
73,4,2124.46,19.49045871559633,0,2124.46
15,9,2508.32,17.41888888888889,0,2508.32
179,1,225.4,18.783333333333335,1,225.4
49,1,190.58,13.612857142857143,0,190.58
11,7,2766.73,15.900747126436782,0,2766.73
66,7,1921.91,20.890326086956524,0,1921.91
299,1,174.95,19.438888888888886,1,174.95
9,4,1152.87,34.93545454545454,0,1152.87
4,4,698.45,2.959533898305085,0,698.45
23,1,171.81,24.544285714285714,0,171.81
28,1,538.4,28.336842105263155,0,538.4
44,2,913.62,22.8405,0,913.62
50,10,9839.55,82.68529411764705,0,9839.55
45,4,1066.03,8.52824,0,1066.03
50,1,226.70000000000002,6.127027027027028,0,226.70000000000002
197,4,1669.52,10.771096774193548,1,1669.52
254,1,572.3100000000001,16.832647058823532,1,572.3100000000001
33,24,9027.55,3.97864698104892,0,9027.55
81,1,111.63,9.3025,0,111.63
30,2,854.15,16.748039215686273,0,854.15
186,1,112.86,4.90695652173913,1,112.86
2,3,654.09,15.57357142857143,0,654.09
30,2,1863.77,21.92670588235294,0,1863.77
238,1,254.0,14.11111111111111,1,254.0
16,3,3562.25,42.407738095238095,0,3562.25
29,2,441.92,10.277209302325582,0,441.92
180,2,59.900000000000006,29.950000000000003,1,59.900000000000006
1,7,1387.4499999999998,106.72692307692306,0,1387.4499999999998
53,1,236.11,11.8055,0,236.11
150,2,281.51,4.021571428571429,1,281.51
5,4,1079.4,3.760975609756098,0,1079.4
2,3,663.31,36.85055555555555,0,663.31
235,2,318.24,12.7296,1,318.24
66,1,229.75,17.673076923076923,0,229.75
322,2,147.3,21.042857142857144,1,147.3
5,4,1721.44,5.185060240963856,0,1721.44
5,1,320.08,20.005,0,320.08
1,3,840.0500000000001,14.000833333333334,0,840.0500000000001
110,1,321.65000000000003,16.928947368421053,1,321.65000000000003
110,5,9730.09,335.5203448275862,1,9730.09
57,1,157.85999999999999,4.9331249999999995,0,157.85999999999999
94,3,512.61,8.688305084745762,1,512.61
198,1,127.2,25.44,1,127.2
15,4,1507.77,12.06216,0,1507.77
8,1,127.2,31.8,0,127.2
19,4,1011.7,25.941025641025643,0,1011.7
289,1,704.4,20.125714285714285,1,704.4
45,5,3946.14,24.061829268292684,0,3946.14
182,2,38.92,6.486666666666667,1,38.92
171,2,788.45,18.77261904761905,1,788.45
1,3,937.07,17.037636363636363,0,937.07
32,1,308.2,15.41,0,308.2
49,4,574.23,22.08576923076923,0,574.23
89,2,465.15999999999997,6.741449275362318,0,465.15999999999997
81,2,406.68,16.2672,0,406.68
10,3,443.05,19.26304347826087,0,443.05
315,1,188.83,9.441500000000001,1,188.83
186,1,13.52,13.52,1,13.52
12,4,1232.95,16.223026315789475,0,1232.95
59,1,357.15,18.79736842105263,0,357.15
274,1,162.45,16.244999999999997,1,162.45
18,4,1078.0,67.375,0,1078.0
327,1,136.8,34.2,1,136.8
222,1,131.83,4.394333333333334,1,131.83
220,2,1193.81,37.3065625,1,1193.81
14,5,1901.25,11.118421052631579,0,1901.25
16,1,237.42,4.84530612244898,0,237.42
114,3,588.5,16.34722222222222,1,588.5
11,3,2719.01,46.879482758620696,0,2719.01
58,19,9374.86,43.00394495412844,0,9374.86
15,1,203.42,7.265,0,203.42
260,1,139.32,19.90285714285714,1,139.32
156,1,306.58000000000004,15.329000000000002,1,306.58000000000004
14,11,4405.71,20.302811059907835,0,4405.71
38,3,1298.42,5.25676113360324,0,1298.42
67,2,2007.84,1003.92,0,2007.84
94,1,575.1,27.385714285714286,1,575.1
5,17,3518.33,12.476347517730495,0,3518.33
213,1,120.32,12.032,1,120.32
120,2,481.88,12.355897435897436,1,481.88
64,10,2729.84,26.763137254901963,0,2729.84
9,1,357.95,5.342537313432835,0,357.95
28,7,942.75,94.275,0,942.75
141,2,2297.66,24.9745652173913,1,2297.66
137,1,100.86,12.6075,1,100.86
92,4,330.23,15.725238095238096,1,330.23
40,6,1072.97,16.257121212121213,0,1072.97
43,3,1608.19,15.171603773584906,0,1608.19
196,2,661.5,6.068807339449541,1,661.5
30,1,70.80000000000001,35.400000000000006,0,70.80000000000001
304,1,134.9,12.263636363636364,1,134.9
30,1,80.28,11.468571428571428,0,80.28
21,1,916.12,14.541587301587303,0,916.12
239,3,284.4,94.8,1,284.4
37,3,885.79,19.256304347826084,0,885.79
11,9,5498.64,9.02896551724138,0,5498.64
114,2,1091.99,10.601844660194175,1,1091.99
5,3,695.54,4.293456790123456,0,695.54
85,2,465.45000000000005,29.090625000000003,0,465.45000000000005
29,9,2376.51,19.01208,0,2376.51
28,1,184.66,6.839259259259259,0,184.66
332,3,360.35,5.004861111111111,1,360.35
17,4,556.87,6.11945054945055,0,556.87
362,1,120.06,2.2652830188679247,1,120.06
358,1,310.70000000000005,34.522222222222226,1,310.70000000000005
73,5,1468.8000000000002,13.727102803738319,0,1468.8000000000002
248,1,321.45,17.858333333333334,1,321.45
44,3,743.26,9.064146341463415,0,743.26
10,1,10.95,10.95,0,10.95
19,10,1716.03,9.750170454545454,0,1716.03
1,5,1744.96,18.368000000000002,0,1744.96
56,4,938.02,19.143265306122448,0,938.02
50,1,172.38,3.315,0,172.38
14,6,7637.53,20.20510582010582,0,7637.53
42,3,362.42,27.87846153846154,0,362.42
45,4,1764.12,20.277241379310343,0,1764.12
11,4,1186.4,17.194202898550724,0,1186.4
3,3,816.9300000000001,15.710192307692308,0,816.9300000000001
93,5,2033.78,11.824302325581396,1,2033.78
9,1,369.5,33.59090909090909,0,369.5
44,2,321.95,3.6174157303370786,0,321.95
1,10,5218.709999999999,86.97849999999998,0,5218.709999999999
19,2,241.66,4.8332,0,241.66
60,9,3003.26,25.02716666666667,0,3003.26
320,3,413.82,17.992173913043477,1,413.82
138,2,736.9300000000001,17.973902439024393,1,736.9300000000001
31,6,1189.3799999999999,51.71217391304347,0,1189.3799999999999
25,11,3972.76,16.62242677824268,0,3972.76
233,2,721.06,19.488108108108108,1,721.06
302,1,370.63,14.8252,1,370.63
172,1,176.34,19.593333333333334,1,176.34
67,1,442.32,29.488,0,442.32
131,4,609.42,10.329152542372881,1,609.42
4,13,2698.17,14.276031746031746,0,2698.17
92,1,199.85,15.373076923076923,1,199.85
16,6,1920.83,20.654086021505375,0,1920.83
3,11,4120.32,42.04408163265306,0,4120.32
239,1,301.65,25.1375,1,301.65
185,2,1147.02,573.51,1,1147.02
30,7,2508.4700000000003,22.198849557522127,0,2508.4700000000003
156,2,804.88,22.99657142857143,1,804.88
53,3,800.18,16.33020408163265,0,800.18
3,10,4017.9800000000005,19.5047572815534,0,4017.9800000000005
81,4,844.87,17.242244897959182,0,844.87
93,2,566.9,23.620833333333334,1,566.9
72,1,205.41000000000003,15.800769230769232,0,205.41000000000003
10,3,1865.73,22.47867469879518,0,1865.73
110,3,560.07,6.589058823529412,1,560.07
238,1,430.69,23.927222222222223,1,430.69
262,1,71.4,35.7,1,71.4
45,2,701.61,17.112439024390245,0,701.61
290,3,655.5,43.7,1,655.5
92,5,2841.07,18.69125,1,2841.07
2,2,1136.64,19.265084745762714,0,1136.64
25,3,569.9,13.899999999999999,0,569.9
9,2,437.58,3.445511811023622,0,437.58
4,19,17403.21,110.14689873417721,0,17403.21
283,2,842.4,280.8,1,842.4
17,4,2039.67,21.027525773195876,0,2039.67
29,4,1250.6200000000001,5.146584362139918,0,1250.6200000000001
10,1,154.72,15.472,0,154.72
23,1,643.0,26.791666666666668,0,643.0
47,7,2753.85,7.890687679083094,0,2753.85
127,1,122.39999999999999,61.199999999999996,1,122.39999999999999
5,2,54.15,13.5375,0,54.15
101,1,289.6,3.7610389610389614,1,289.6
10,1,183.56,4.37047619047619,0,183.56
22,1,295.13,15.533157894736842,0,295.13
50,5,3017.75,14.939356435643564,0,3017.75
115,5,1688.54,9.328950276243093,1,1688.54
15,9,1563.54,44.67257142857143,0,1563.54
183,3,639.93,16.840263157894736,1,639.93
42,7,1540.2,19.49620253164557,0,1540.2
67,2,687.3100000000001,12.273392857142857,0,687.3100000000001
217,3,2547.09,9.504067164179105,1,2547.09
164,1,316.48,15.07047619047619,1,316.48
4,109,57912.03,37.5077914507772,0,57912.03
105,9,2016.71,21.68505376344086,1,2016.71
112,1,137.8,17.225,1,137.8
15,10,1850.82,19.279374999999998,0,1850.82
68,1,558.72,19.266206896551726,0,558.72
25,1,233.25,5.83125,0,233.25
309,2,679.45,15.442045454545456,1,679.45
31,7,1092.06,17.0634375,0,1092.06
96,1,306.36,17.02,1,306.36
67,3,433.46000000000004,7.6045614035087725,0,433.46000000000004
224,1,62.5,15.625,1,62.5
52,10,3321.68,19.42502923976608,0,3321.68
4,3,778.42,9.853417721518987,0,778.42
24,3,548.87,6.382209302325581,0,548.87
81,1,502.45,16.74833333333333,0,502.45
200,1,91.8,15.299999999999999,1,91.8
228,1,140.55,14.055000000000001,1,140.55
64,2,435.83,19.810454545454544,0,435.83
213,1,146.16,48.72,1,146.16
24,3,533.41,20.51576923076923,0,533.41
2,14,2517.75,10.36111111111111,0,2517.75
46,1,233.35,15.556666666666667,0,233.35
229,2,341.59,18.97722222222222,1,341.59
38,2,422.19,7.155762711864407,0,422.19
19,4,1133.8,17.443076923076923,0,1133.8
57,9,9796.23,105.3358064516129,0,9796.23
42,1,334.62,55.77,0,334.62
30,3,885.3199999999999,28.55870967741935,0,885.3199999999999
21,6,2854.98,10.855437262357414,0,2854.98
137,4,658.3199999999999,27.429999999999996,1,658.3199999999999
147,3,1220.9,34.88285714285715,1,1220.9
43,2,1039.55,21.21530612244898,0,1039.55
129,5,736.59,7.151359223300971,1,736.59
23,1,110.7,11.07,0,110.7
14,8,1643.17,9.179720670391061,0,1643.17
73,9,3961.42,18.511308411214955,0,3961.42
7,39,20315.84,250.81283950617285,0,20315.84
142,1,42.22,14.073333333333332,1,42.22
33,4,1069.67,19.10125,0,1069.67
173,6,3358.3999999999996,239.88571428571427,1,3358.3999999999996
15,6,2895.2000000000003,22.443410852713182,0,2895.2000000000003
51,3,4274.94,21.374699999999997,0,4274.94
227,1,186.66,26.665714285714284,1,186.66
44,1,175.53,3.7346808510638296,0,175.53
52,5,1184.6,20.42413793103448,0,1184.6
122,3,925.41,40.235217391304346,1,925.41
337,1,518.14,17.86689655172414,1,518.14
179,1,114.69,5.213181818181818,1,114.69
103,4,4067.12,45.697977528089886,1,4067.12
81,2,271.44,7.143157894736842,0,271.44
163,2,289.5,144.75,1,289.5
2,2,1116.72,8.092173913043478,0,1116.72
8,29,65500.07,467.8576428571429,0,65500.07
372,1,181.65,90.825,1,181.65
46,4,1254.41,15.486543209876544,0,1254.41
124,2,607.43,16.417027027027025,1,607.43
50,3,839.73,22.695405405405406,0,839.73
21,12,3412.78,27.746178861788618,0,3412.78
50,10,2959.73,10.348706293706293,0,2959.73
53,2,297.0,27.0,0,297.0
1,8,7111.18,116.57672131147541,0,7111.18
59,4,1315.0,23.482142857142858,0,1315.0
71,3,593.47,14.130238095238095,0,593.47
30,4,2728.18,30.65370786516854,0,2728.18
40,1,147.35,8.66764705882353,0,147.35
28,1,249.58,10.851304347826087,0,249.58
19,4,1160.06,14.321728395061728,0,1160.06
15,1,246.5,12.325,0,246.5
18,4,1884.16,89.72190476190477,0,1884.16
15,4,1082.6000000000001,31.841176470588238,0,1082.6000000000001
373,1,150.68,6.278333333333333,1,150.68
35,4,1467.48,25.745263157894737,0,1467.48
164,5,838.27,8.823894736842105,1,838.27
1,2,1803.2,300.53333333333336,0,1803.2
7,2,2646.02,43.377377049180325,0,2646.02
114,3,761.36,12.689333333333334,1,761.36
53,1,457.7,18.308,0,457.7
33,4,963.09,12.8412,0,963.09
35,3,2975.06,48.771475409836064,0,2975.06
30,2,634.68,12.44470588235294,0,634.68
21,1,537.46,3.681232876712329,0,537.46
215,1,403.39,16.807916666666667,1,403.39
144,1,97.5,32.5,1,97.5
253,4,1226.57,8.232013422818792,1,1226.57
1,4,1436.05,5.544594594594594,0,1436.05
233,1,38.25,19.125,1,38.25
45,2,1449.1399999999999,131.73999999999998,0,1449.1399999999999
37,1,299.53,14.976499999999998,0,299.53
40,4,1012.63,12.657875,0,1012.63
66,1,250.85,14.755882352941176,0,250.85
11,2,687.39,11.268688524590164,0,687.39
45,3,446.1,24.783333333333335,0,446.1
32,7,1696.21,5.419201277955271,0,1696.21
30,8,2113.16,10.94901554404145,0,2113.16
86,1,118.95,9.15,0,118.95
67,4,1773.97,31.122280701754388,0,1773.97
120,1,295.0,295.0,1,295.0
40,4,635.89,6.555567010309278,0,635.89
31,1,115.35,4.8062499999999995,0,115.35
43,3,2671.14,26.18764705882353,0,2671.14
358,1,329.58,29.96181818181818,1,329.58
320,1,326.55,7.775,1,326.55
4,9,2231.96,8.892270916334661,0,2231.96
245,1,728.5,40.47222222222222,1,728.5
17,1,209.49,16.114615384615384,0,209.49
4,39,20312.36,18.349015356820235,0,20312.36
15,6,1229.95,22.362727272727273,0,1229.95
73,1,164.45000000000002,18.272222222222226,0,164.45000000000002
3,11,3003.9100000000003,20.02606666666667,0,3003.9100000000003
75,1,335.22,7.132340425531916,0,335.22
51,3,523.6,3.8785185185185185,0,523.6
49,1,176.69,19.63222222222222,0,176.69
325,1,183.20000000000002,6.106666666666667,1,183.20000000000002
257,2,594.62,12.651489361702128,1,594.62
137,1,90.42,30.14,1,90.42
2,19,6507.67,10.738729372937295,0,6507.67
36,2,396.71,23.335882352941177,0,396.71
189,1,125.3,15.6625,1,125.3
38,1,241.35,18.565384615384616,0,241.35
33,2,382.66,18.221904761904764,0,382.66
24,1,316.1,19.75625,0,316.1
10,11,3498.31,13.352328244274808,0,3498.31
49,2,492.47999999999996,18.94153846153846,0,492.47999999999996
60,18,6627.64,200.83757575757576,0,6627.64
78,1,220.46,20.041818181818183,0,220.46
150,5,2617.9,58.175555555555555,1,2617.9
72,7,1915.36,18.595728155339806,0,1915.36
2,8,6460.32,170.00842105263158,0,6460.32
36,3,541.95,22.58125,0,541.95
285,3,611.6,15.290000000000001,1,611.6
8,47,41184.3,292.08723404255323,0,41184.3
198,2,618.96,15.870769230769232,1,618.96
3,24,17080.74,20.65385731559855,0,17080.74
26,2,474.54,5.787073170731707,0,474.54
114,2,747.85,27.69814814814815,1,747.85
210,6,2322.59,14.607484276729561,1,2322.59
99,2,592.24,21.15142857142857,1,592.24
64,1,239.9,17.135714285714286,0,239.9
205,1,109.2,13.65,1,109.2
85,2,374.7,22.041176470588233,0,374.7
166,3,684.54,17.552307692307693,1,684.54
1,3,469.40999999999997,16.764642857142857,0,469.40999999999997
218,1,264.13,17.608666666666668,1,264.13
40,4,1157.3,6.324043715846995,0,1157.3
3,10,2285.7,11.042028985507246,0,2285.7
49,1,398.52,16.605,0,398.52
268,5,34095.26,541.1946031746032,1,34095.26
47,1,373.02,17.762857142857143,0,373.02
2,1,258.9,32.3625,0,258.9
12,2,1546.07,7.73035,0,1546.07
15,1,142.77,17.84625,0,142.77
17,1,235.87,15.724666666666668,0,235.87
187,1,242.13,6.918,1,242.13
194,1,395.33,20.806842105263158,1,395.33
42,6,2047.14,24.66433734939759,0,2047.14
112,1,711.18,17.345853658536583,1,711.18
57,5,1253.77,9.085289855072464,0,1253.77
1,205,152147.57,27.31554219030521,0,152147.57
276,5,1016.47,23.10159090909091,1,1016.47
74,2,849.56,20.227619047619047,0,849.56
263,2,1367.89,18.998472222222222,1,1367.89
1,4,669.85,7.126063829787234,0,669.85
67,1,89.65,29.883333333333336,0,89.65
70,3,1938.46,16.71086206896552,0,1938.46
37,2,707.79,13.354528301886791,0,707.79
35,2,326.25,5.625,0,326.25
126,2,764.57,18.648048780487805,1,764.57
5,4,1778.18,12.096462585034015,0,1778.18
288,1,4376.25,106.73780487804878,1,4376.25
227,3,643.39,10.212539682539683,1,643.39
68,1,189.0,21.0,0,189.0
14,5,1751.89,21.628271604938273,0,1751.89
8,20,7712.71,18.81148780487805,0,7712.71
29,4,460.26,5.230227272727273,0,460.26
5,15,5301.03,31.9339156626506,0,5301.03
21,2,121.7,60.85,0,121.7
4,27,4608.94,6.330961538461538,0,4608.94
206,1,348.59,12.91074074074074,1,348.59
16,2,963.59,17.84425925925926,0,963.59
33,3,868.76,5.753377483443709,0,868.76
16,3,1026.0,342.0,0,1026.0
319,1,344.75,17.2375,1,344.75
158,1,498.96000000000004,16.095483870967744,1,498.96000000000004
214,2,392.38,13.530344827586207,1,392.38
19,1,222.4,17.107692307692307,0,222.4
180,1,295.2,6.1499999999999995,1,295.2
7,4,2048.64,20.904489795918366,0,2048.64
9,2,504.95,26.576315789473682,0,504.95
24,5,3490.69,20.061436781609196,0,3490.69
295,1,246.22,14.483529411764707,1,246.22
24,2,587.69,11.753800000000002,0,587.69
53,10,3372.92,22.190263157894737,0,3372.92
278,1,176.07999999999998,11.004999999999999,1,176.07999999999998
30,1,194.95,2.5651315789473683,0,194.95
227,2,180.06,36.012,1,180.06
248,1,589.52,42.10857142857143,1,589.52
26,3,802.58,6.034436090225564,0,802.58
30,4,884.02,18.417083333333334,0,884.02
19,5,948.19,16.634912280701755,0,948.19
60,3,924.52,13.798805970149253,0,924.52
103,1,167.16,13.93,1,167.16
11,38,39667.19,32.328598207008966,0,39667.19
33,6,2280.48,7.80986301369863,0,2280.48
16,3,1190.3700000000001,16.306438356164385,0,1190.3700000000001
30,7,2354.27,15.695133333333333,0,2354.27
7,7,934.76,4.604729064039409,0,934.76
15,10,3309.35,23.638214285714284,0,3309.35
9,13,4370.52,25.708941176470592,0,4370.52
226,1,160.75,12.365384615384615,1,160.75
291,2,392.6,130.86666666666667,1,392.6
32,21,9529.86,56.38970414201184,0,9529.86
4,4,1695.15,16.783663366336633,0,1695.15
362,1,261.7,10.065384615384614,1,261.7
51,14,17670.94,245.4297222222222,0,17670.94
35,1,442.73,17.028076923076924,0,442.73
30,7,1379.52,7.416774193548387,0,1379.52
280,1,274.8,16.16470588235294,1,274.8
28,6,7213.84,81.97545454545455,0,7213.84
30,3,491.02,14.029142857142856,0,491.02
53,1,295.85,17.40294117647059,0,295.85
59,1,322.93,20.183125,0,322.93
15,3,369.34000000000003,23.083750000000002,0,369.34000000000003
254,2,695.66,11.994137931034482,1,695.66
56,7,3260.0,31.346153846153847,0,3260.0
15,9,3245.0,4.843283582089552,0,3245.0
112,2,606.21,18.37,1,606.21
3,8,4134.91,20.072378640776698,0,4134.91
5,5,1778.97,17.613564356435642,0,1778.97
284,1,389.78,8.293191489361702,1,389.78
87,6,2919.44,17.58698795180723,0,2919.44
227,3,229.46,5.215,1,229.46
103,2,954.75,26.520833333333332,1,954.75
64,8,2887.4100000000003,41.24871428571429,0,2887.4100000000003
75,2,346.97,5.507460317460318,0,346.97
44,2,1185.46,15.806133333333333,0,1185.46
78,1,210.5,7.796296296296297,0,210.5
165,3,1995.65,21.691847826086956,1,1995.65
31,21,7731.99,21.24173076923077,0,7731.99
7,7,1476.3,64.18695652173913,0,1476.3
45,6,1856.6200000000001,11.390306748466259,0,1856.6200000000001
166,1,549.88,17.18375,1,549.88
93,2,782.95,28.99814814814815,1,782.95
8,6,3484.5299999999997,580.755,0,3484.5299999999997
369,1,204.24,17.02,1,204.24
19,6,1230.03,11.182090909090908,0,1230.03
25,1,159.94,13.328333333333333,0,159.94
23,32,9918.16,34.5580487804878,0,9918.16
23,9,3027.58,18.238433734939758,0,3027.58
10,6,2309.01,20.078347826086958,0,2309.01
319,2,206.09,5.284358974358974,1,206.09
22,6,4004.79,10.823756756756756,0,4004.79
64,6,2136.2400000000002,20.740194174757285,0,2136.2400000000002
32,5,1831.88,15.393949579831935,0,1831.88
99,2,757.13,15.451632653061225,1,757.13
201,2,650.16,17.109473684210524,1,650.16
19,2,609.84,9.997377049180328,0,609.84
46,1,345.71,15.03086956521739,0,345.71
47,6,13009.61,82.86375796178345,0,13009.61
98,1,404.3,12.634375,1,404.3
110,5,5874.65,31.41524064171123,1,5874.65
179,8,1604.21,16.710520833333334,1,1604.21
8,15,6106.17,23.575945945945946,0,6106.17
73,1,136.65,19.521428571428572,0,136.65
166,4,1780.34,30.69551724137931,1,1780.34
12,4,788.88,22.539428571428573,0,788.88
127,2,1502.0,250.33333333333334,1,1502.0
17,6,4214.77,7.036343906510852,0,4214.77
32,2,1216.66,15.800779220779221,0,1216.66
86,2,389.61,4.01659793814433,0,389.61
24,1,235.25,21.386363636363637,0,235.25
59,3,1527.25,18.854938271604937,0,1527.25
58,1,302.04,75.51,0,302.04
4,3,607.98,10.482413793103449,0,607.98
7,11,1931.72,14.415820895522389,0,1931.72
61,1,227.97,11.99842105263158,0,227.97
81,1,488.32,15.752258064516129,0,488.32
29,6,2546.36,7.233977272727273,0,2546.36
47,3,744.55,8.460795454545455,0,744.55
245,4,1388.81,13.8881,1,1388.81
92,1,326.65,18.147222222222222,1,326.65
37,4,746.56,39.292631578947365,0,746.56
92,1,447.05,14.901666666666667,1,447.05
7,21,32451.6,345.22978723404253,0,32451.6
242,1,151.4,18.925,1,151.4
51,3,610.62,61.062,0,610.62
85,1,678.8,23.406896551724138,0,678.8
1,5,975.63,16.2605,0,975.63
365,1,347.54,38.61555555555556,1,347.54
198,1,1407.7,17.167073170731708,1,1407.7
50,5,1416.96,39.36,0,1416.96
11,6,913.47,7.081162790697674,0,913.47
61,1,220.44,15.745714285714286,0,220.44
26,2,210.58,8.423200000000001,0,210.58
46,2,768.6,76.86,0,768.6
31,6,2129.45,38.02589285714286,0,2129.45
39,5,1298.3,7.376704545454545,0,1298.3
7,4,6725.18,269.0072,0,6725.18
67,5,1610.71,14.254070796460176,0,1610.71
365,1,105.78000000000002,17.630000000000003,1,105.78000000000002
63,3,533.11,48.46454545454546,0,533.11
8,155,51208.87,20.491744697879152,0,51208.87
15,5,1522.27,13.353245614035087,0,1522.27
7,1,135.32999999999998,4.365483870967742,0,135.32999999999998
28,5,567.71,33.394705882352945,0,567.71
5,5,1168.0,4.8264462809917354,0,1168.0
119,1,623.33,8.538767123287672,1,623.33
9,2,401.94,16.0776,0,401.94
180,2,231.69,4.728367346938775,1,231.69
16,12,9572.45,35.19283088235294,0,9572.45
64,3,3744.57,7.025459662288931,0,3744.57
44,1,225.3,37.550000000000004,0,225.3
9,1,487.75,18.064814814814813,0,487.75
30,10,2488.44,8.46408163265306,0,2488.44
5,3,1014.48,9.481121495327104,0,1014.48
4,5,1696.64,32.62769230769231,0,1696.64
199,3,1141.84,18.416774193548385,1,1141.84
24,4,758.97,18.97425,0,758.97
39,3,1136.89,18.045873015873017,0,1136.89
135,1,256.95,128.475,1,256.95
200,1,124.25,20.708333333333332,1,124.25
19,1,177.92,3.631020408163265,0,177.92
23,6,1901.71,13.88109489051095,0,1901.71
33,5,2102.64,8.278110236220472,0,2102.64
264,1,917.6999999999999,50.98333333333333,1,917.6999999999999
259,1,162.4,12.492307692307692,1,162.4
64,1,833.53,20.33,0,833.53
228,1,129.48000000000002,14.386666666666668,1,129.48000000000002
57,13,4387.76,8.006861313868614,0,4387.76
2,9,3127.85,18.729640718562873,0,3127.85
283,1,123.39,7.258235294117647,1,123.39
3,11,6619.57,21.9191059602649,0,6619.57
38,2,190.47000000000003,21.163333333333338,0,190.47000000000003
53,1,189.44,2.595068493150685,0,189.44
257,1,392.59,5.7733823529411765,1,392.59
136,2,2074.07,122.00411764705883,1,2074.07
28,2,1241.23,15.913205128205128,0,1241.23
5,8,1424.79,13.192499999999999,0,1424.79
308,2,356.95,5.665873015873015,1,356.95
63,9,1401.08,33.359047619047615,0,1401.08
207,1,128.7,32.175,1,128.7
17,3,1117.27,4.9878124999999995,0,1117.27
3,6,3175.52,12.453019607843137,0,3175.52
8,11,2600.33,9.525018315018315,0,2600.33
122,1,352.15000000000003,18.534210526315793,1,352.15000000000003
5,39,18320.170000000002,42.904379391100704,0,18320.170000000002
136,1,175.78,13.521538461538462,1,175.78
369,1,436.18,18.174166666666668,1,436.18
295,1,51.0,51.0,1,51.0
26,1,232.27,2.3701020408163265,0,232.27
103,8,7568.13,61.52951219512195,1,7568.13
11,1,308.59999999999997,38.574999999999996,0,308.59999999999997
150,2,585.27,10.45125,1,585.27
273,1,213.01,5.071666666666666,1,213.01
43,1,316.59,8.117692307692307,0,316.59
99,3,3634.36,23.148789808917197,1,3634.36
107,3,1013.76,168.96,1,1013.76
92,1,319.94,15.235238095238095,1,319.94
121,1,157.70000000000002,17.522222222222226,1,157.70000000000002
2,32,16904.510000000002,38.15916478555305,0,16904.510000000002
39,2,509.75,28.319444444444443,0,509.75
60,2,975.87,19.915714285714287,0,975.87
98,6,1030.41,15.85246153846154,1,1030.41
361,1,164.28,9.126666666666667,1,164.28
25,7,2618.02,10.642357723577236,0,2618.02
171,1,116.18,19.363333333333333,1,116.18
112,1,126.05000000000001,15.756250000000001,1,126.05000000000001
211,1,115.08000000000001,28.770000000000003,1,115.08000000000001
24,4,2845.7,17.785625,0,2845.7
170,1,6.300000000000001,6.300000000000001,1,6.300000000000001
30,2,554.85,16.813636363636363,0,554.85
23,10,6739.01,32.24406698564594,0,6739.01
128,1,468.65,23.432499999999997,1,468.65
162,1,95.45,47.725,1,95.45
5,12,2462.33,17.09951388888889,0,2462.33
24,1,462.15,3.3489130434782606,0,462.15
37,4,1021.4,28.37222222222222,0,1021.4
73,3,1404.68,17.558500000000002,0,1404.68
30,6,1274.02,10.442786885245901,0,1274.02
303,1,171.7,34.339999999999996,1,171.7
19,12,1572.47,16.21103092783505,0,1572.47
42,3,2560.0,853.3333333333334,0,2560.0
2,1,173.55,15.77727272727273,0,173.55
17,6,1264.14,17.804788732394368,0,1264.14
82,1,161.0,17.88888888888889,0,161.0
10,4,410.95,15.805769230769231,0,410.95
22,2,1122.4,26.102325581395352,0,1122.4
16,8,1153.54,12.142526315789473,0,1153.54
53,21,2749.7,23.5017094017094,0,2749.7
17,14,4962.27,20.676125000000003,0,4962.27
108,1,81.12,81.12,1,81.12
150,3,1466.56,10.044931506849315,1,1466.56
14,1,755.15,16.416304347826088,0,755.15
11,3,787.89,4.168730158730159,0,787.89
229,1,360.85,14.434000000000001,1,360.85
78,1,889.44,27.795,0,889.44
107,2,775.18,5.537,1,775.18
1,1,383.07,16.655217391304348,0,383.07
14,3,910.35,24.604054054054053,0,910.35
36,12,3068.04,7.357410071942446,0,3068.04
22,2,610.74,50.895,0,610.74
17,3,1289.44,20.467301587301588,0,1289.44
21,3,2278.77,35.60578125,0,2278.77
38,3,633.99,26.41625,0,633.99
66,3,1392.43,5.592088353413655,0,1392.43
18,6,641.77,2.790304347826087,0,641.77
81,7,970.25,40.427083333333336,0,970.25
36,1,61.72,15.43,0,61.72
61,4,912.4300000000001,9.504479166666668,0,912.4300000000001
58,2,1747.77,26.88876923076923,0,1747.77
4,7,2092.74,7.29177700348432,0,2092.74
40,2,250.44,8.078709677419354,0,250.44
219,1,192.05,48.0125,1,192.05
31,8,2855.5099999999998,11.331388888888888,0,2855.5099999999998
215,1,730.42,7.091456310679611,1,730.42
1,23,11745.69,22.851536964980546,0,11745.69
91,2,382.14,21.23,1,382.14
17,6,976.2,9.665346534653466,0,976.2
373,1,163.47,3.715227272727273,1,163.47
98,1,136.31,6.490952380952381,1,136.31
372,1,112.03,3.5009375,1,112.03
259,3,238.66,4.045084745762712,1,238.66
75,1,295.73,18.483125,0,295.73
35,2,933.84,16.383157894736843,0,933.84
15,13,3757.92,13.27886925795053,0,3757.92
67,1,24.4,8.133333333333333,0,24.4
9,2,471.14,18.12076923076923,0,471.14
298,2,287.38,57.476,1,287.38
163,5,640.76,12.089811320754716,1,640.76
17,4,1434.95,24.74051724137931,0,1434.95
245,3,662.2,47.300000000000004,1,662.2
19,2,706.39,8.310470588235294,0,706.39
112,5,1030.76,6.565350318471338,1,1030.76
373,1,132.55,14.72777777777778,1,132.55
14,4,1058.0800000000002,81.39076923076924,0,1058.0800000000002
178,2,144.14999999999998,13.104545454545452,1,144.14999999999998
56,3,753.51,19.82921052631579,0,753.51
25,7,3884.42,29.206165413533835,0,3884.42
12,3,598.52,4.568854961832061,0,598.52
81,1,330.0,165.0,0,330.0
36,1,548.5,15.23611111111111,0,548.5
19,6,2330.94,20.44684210526316,0,2330.94
369,1,305.5,38.1875,1,305.5
43,1,106.80000000000001,26.700000000000003,0,106.80000000000001
248,1,129.22,10.768333333333333,1,129.22
68,1,265.99,5.428367346938776,0,265.99
65,3,1194.92,15.932266666666667,0,1194.92
2,3,1013.54,34.94965517241379,0,1013.54
29,1,51.839999999999996,51.839999999999996,0,51.839999999999996
269,1,382.79,5.8890769230769235,1,382.79
3,9,2521.52,8.635342465753425,0,2521.52
8,4,805.0,201.25,0,805.0
21,1,288.49,3.434404761904762,0,288.49
166,3,982.59,29.775454545454547,1,982.59
318,1,77.52,77.52,1,77.52
23,1,765.36,21.867428571428572,0,765.36
103,4,1403.75,8.828616352201259,1,1403.75
37,1,130.95,8.184375,0,130.95
359,1,115.3,8.86923076923077,1,115.3
197,1,718.51,23.17774193548387,1,718.51
75,4,599.78,11.107037037037037,0,599.78
29,4,1675.81,23.940142857142856,0,1675.81
24,15,16947.98,83.07833333333333,0,16947.98
150,1,178.48000000000002,7.760000000000001,1,178.48000000000002
23,8,1417.01,19.41109589041096,0,1417.01
54,4,1439.72,19.72219178082192,0,1439.72
30,5,2422.96,22.02690909090909,0,2422.96
28,15,7321.07,19.627533512064343,0,7321.07
2,3,680.62,61.874545454545455,0,680.62
2,4,869.01,3.5325609756097562,0,869.01
26,3,554.72,3.5332484076433124,0,554.72
11,6,1066.94,8.467777777777778,0,1066.94
71,1,632.68,28.758181818181814,0,632.68
79,4,6781.8,69.91546391752577,0,6781.8
10,6,2212.89,17.70312,0,2212.89
130,2,2428.08,75.8775,1,2428.08
29,9,2050.95,4.693249427917619,0,2050.95
106,2,332.44,16.622,1,332.44
31,7,1439.72,8.180227272727272,0,1439.72
24,2,913.62,26.103428571428573,0,913.62
113,5,1250.86,14.716,1,1250.86
53,2,3582.62,18.003115577889446,0,3582.62
47,5,693.81,9.911571428571428,0,693.81
5,17,5251.31,8.781454849498328,0,5251.31
22,8,4062.29,5.511926729986431,0,4062.29
24,7,3985.14,72.45709090909091,0,3985.14
231,3,458.26,15.275333333333332,1,458.26
12,4,819.87,3.459367088607595,0,819.87
205,1,162.07,4.05175,1,162.07
67,6,2029.34,14.812700729927007,0,2029.34
1,89,349164.35,556.8809409888357,0,349164.35
18,7,1801.68,21.19623529411765,0,1801.68
292,1,202.56,18.414545454545454,1,202.56
26,4,1563.03,17.761704545454545,0,1563.03
171,2,490.0,24.5,1,490.0
1,34,11236.95,23.45918580375783,0,11236.95
17,1,359.69,18.931052631578947,0,359.69
30,15,3145.86,18.725357142857142,0,3145.86
86,1,55.980000000000004,3.2929411764705883,0,55.980000000000004
25,15,4022.72,5.7880863309352515,0,4022.72
24,2,12079.99,73.2120606060606,0,12079.99
98,4,548.73,17.1478125,1,548.73
15,4,1183.39,19.08693548387097,0,1183.39
5,5,2208.36,10.932475247524753,0,2208.36
232,2,1123.75,38.75,1,1123.75
28,9,4019.85,18.872535211267603,0,4019.85
182,2,199.35,5.3878378378378375,1,199.35
11,1,222.21,4.115,0,222.21
310,1,931.43,14.329692307692307,1,931.43
144,2,1779.42,17.7942,1,1779.42
37,8,1419.4,11.539837398373985,0,1419.4
29,8,1535.7,34.90227272727273,0,1535.7
80,3,638.2,27.747826086956525,0,638.2
16,2,847.0799999999999,9.965647058823528,0,847.0799999999999
12,10,2185.85,6.10572625698324,0,2185.85
12,5,1100.88,8.403664122137405,0,1100.88
80,1,268.27,4.326935483870967,0,268.27
21,1,239.23000000000002,5.834878048780488,0,239.23000000000002
175,2,482.76,241.38,1,482.76
367,2,447.05,24.836111111111112,1,447.05
9,21,7832.91,21.34307901907357,0,7832.91
1,15,4144.44,58.37239436619718,0,4144.44
25,13,8915.99,26.936525679758308,0,8915.99
204,2,111.0,27.75,1,111.0
182,1,216.39999999999998,9.016666666666666,1,216.39999999999998
23,9,3486.61,12.36386524822695,0,3486.61
29,5,1400.1299999999999,5.882899159663865,0,1400.1299999999999
234,4,731.96,26.141428571428573,1,731.96
3,8,2273.95,20.303124999999998,0,2273.95
9,5,631.34,12.379215686274511,0,631.34
280,1,295.05,14.752500000000001,1,295.05
175,2,243.9,18.76153846153846,1,243.9
50,5,1386.1200000000001,22.001904761904765,0,1386.1200000000001
64,1,310.75,34.52777777777778,0,310.75
24,1,418.05,4.918235294117647,0,418.05
267,1,146.14000000000001,6.6427272727272735,1,146.14000000000001
28,4,854.54,9.936511627906976,0,854.54
37,1,429.21,2.939794520547945,0,429.21
4,2,446.74,8.591153846153846,0,446.74
247,6,746.57,11.66515625,1,746.57
3,6,3128.54,26.73965811965812,0,3128.54
53,3,458.25,16.97222222222222,0,458.25
267,1,263.5,263.5,1,263.5
18,19,5393.88,21.57552,0,5393.88
21,8,1352.35,16.09940476190476,0,1352.35
65,1,81.36,81.36,0,81.36
229,1,167.35,23.907142857142855,1,167.35
28,2,625.2,69.46666666666667,0,625.2
84,1,980.25,22.796511627906977,0,980.25
64,1,394.37,15.7748,0,394.37
289,1,200.43,5.726571428571429,1,200.43
127,3,1504.93,18.579382716049384,1,1504.93
61,2,717.85,17.09166666666667,0,717.85
84,1,212.25,17.6875,0,212.25
278,1,317.88,45.41142857142857,1,317.88
28,1,253.37,4.6920370370370375,0,253.37
70,2,789.6,20.246153846153845,0,789.6
170,1,426.47,19.385,1,426.47
290,2,9530.08,733.0830769230769,1,9530.08
3,14,2443.77,14.20796511627907,0,2443.77
115,1,376.34,12.977241379310344,1,376.34
2,102,18704.41,4.838181583031557,0,18704.41
18,2,679.02,23.41448275862069,0,679.02
138,1,320.38,22.884285714285713,1,320.38
9,5,1055.05,17.016935483870967,0,1055.05
40,2,551.42,9.346101694915253,0,551.42
23,4,1203.77,13.525505617977528,0,1203.77
266,1,1248.48,208.08,1,1248.48
43,1,375.34,16.319130434782608,0,375.34
21,3,1452.22,26.892962962962965,0,1452.22
1,2,830.63,21.29820512820513,0,830.63
105,2,710.4,15.443478260869565,1,710.4
4,10,3265.45,23.324642857142855,0,3265.45
101,3,933.77,18.6754,1,933.77
178,1,134.44,19.205714285714286,1,134.44
291,1,562.98,18.160645161290322,1,562.98
30,3,797.9,29.55185185185185,0,797.9
58,1,340.33,26.179230769230767,0,340.33
78,3,1928.1299999999999,19.281299999999998,0,1928.1299999999999
39,7,1672.05,9.835588235294118,0,1672.05
7,7,1247.1200000000001,3.9844089456869014,0,1247.1200000000001
24,10,7699.7,91.66309523809524,0,7699.7
43,1,107.24,13.405,0,107.24
54,3,1523.49,21.457605633802817,0,1523.49
29,1,304.2,16.010526315789473,0,304.2
73,1,230.17000000000002,15.344666666666667,0,230.17000000000002
60,20,3006.62,14.738333333333333,0,3006.62
152,1,163.92,4.43027027027027,1,163.92
16,2,239.87,14.991875,0,239.87
316,1,76.32000000000001,76.32000000000001,1,76.32000000000001
5,1,206.23000000000002,3.749636363636364,0,206.23000000000002
70,1,834.4399999999999,20.860999999999997,0,834.4399999999999
53,1,638.11,15.563658536585367,0,638.11
49,2,541.86,5.210192307692308,0,541.86
81,1,1119.6599999999999,93.30499999999999,0,1119.6599999999999
44,1,955.2,22.742857142857144,0,955.2
45,8,15874.3,168.8755319148936,0,15874.3
10,11,11013.82,77.01972027972027,0,11013.82
46,1,266.93,16.683125,0,266.93
257,1,106.96000000000001,5.942222222222223,1,106.96000000000001
227,2,4387.08,56.975064935064935,1,4387.08
36,2,872.51,14.541833333333333,0,872.51
61,1,91.67999999999999,22.919999999999998,0,91.67999999999999
116,2,2138.91,16.97547619047619,1,2138.91
12,1,51.410000000000004,12.852500000000001,0,51.410000000000004
5,1,343.28000000000003,3.2693333333333334,0,343.28000000000003
23,8,2239.1,223.91,0,2239.1
11,1,64.49,4.606428571428571,0,64.49
277,1,23.35,5.8375,1,23.35
278,1,596.67,15.299230769230768,1,596.67
11,1,350.52,70.104,0,350.52
35,4,2806.48,20.1905035971223,0,2806.48
42,3,823.0,17.145833333333332,0,823.0
373,1,214.79999999999998,214.79999999999998,1,214.79999999999998
51,1,231.57,3.796229508196721,0,231.57
73,7,3817.18,14.03375,0,3817.18
17,1,409.98,40.998000000000005,0,409.98
42,3,599.35,74.91875,0,599.35
374,1,148.3,11.407692307692308,1,148.3
3,4,6599.06,45.199041095890415,0,6599.06
1,11,3085.52,8.339243243243244,0,3085.52
22,4,1607.06,20.87090909090909,0,1607.06
359,1,161.6,3.8476190476190473,1,161.6
33,6,3876.47,7.38375238095238,0,3876.47
57,1,612.8100000000001,26.643913043478264,0,612.8100000000001
44,4,4722.6,23.03707317073171,0,4722.6
84,1,157.2,14.29090909090909,0,157.2
36,4,1944.57,13.503958333333333,0,1944.57
21,13,4212.411,19.147322727272726,0,4212.411
2,11,2704.63,18.52486301369863,0,2704.63
11,1,355.5,16.15909090909091,0,355.5
18,1,309.5,38.6875,0,309.5
71,1,340.84000000000003,17.938947368421054,0,340.84000000000003
18,1,147.45,14.745,0,147.45
99,1,214.44,13.4025,1,214.44
4,6,979.62,18.838846153846156,0,979.62
185,1,105.8,10.58,1,105.8
57,3,2246.29,44.9258,0,2246.29
214,2,741.85,39.044736842105266,1,741.85
130,2,713.0,25.464285714285715,1,713.0
67,4,992.41,15.267846153846154,0,992.41
49,3,549.29,6.953037974683544,0,549.29
99,4,444.9,17.111538461538462,1,444.9
39,1,307.56,19.2225,0,307.56
228,1,35.28,7.056,1,35.28
72,3,1179.45,15.121153846153847,0,1179.45
358,1,447.53000000000003,16.575185185185187,1,447.53000000000003
18,5,960.63,3.0988064516129032,0,960.63
56,2,501.21,4.598256880733945,0,501.21
158,1,481.79,5.071473684210527,1,481.79
26,1,255.45,3.7021739130434783,0,255.45
138,3,1324.06,6.932251308900523,1,1324.06
72,1,391.95,15.677999999999999,0,391.95
26,4,4273.79,26.21957055214724,0,4273.79
44,2,645.6,53.800000000000004,0,645.6
29,2,548.8,21.951999999999998,0,548.8
26,1,333.82,20.86375,0,333.82
42,2,530.5,17.112903225806452,0,530.5
38,10,1771.0900000000001,10.542202380952382,0,1771.0900000000001
157,2,518.63,21.609583333333333,1,518.63
367,1,436.71,13.6471875,1,436.71
36,2,605.9,20.893103448275863,0,605.9
12,5,1702.1399999999999,15.907850467289718,0,1702.1399999999999
3,6,4411.38,19.693660714285716,0,4411.38
15,12,3346.41,16.323951219512196,0,3346.41
37,13,5954.29,31.174293193717276,0,5954.29
204,2,288.1,7.786486486486487,1,288.1
50,1,177.69,25.384285714285713,0,177.69
22,3,912.15,33.78333333333333,0,912.15
23,7,1044.0,5.494736842105263,0,1044.0
185,2,1127.45,20.49909090909091,1,1127.45
18,1,295.09000000000003,14.051904761904764,0,295.09000000000003
61,2,460.95,30.73,0,460.95
85,1,572.77,14.31925,0,572.77
297,2,412.92,27.528000000000002,1,412.92
58,2,1579.07,25.468870967741935,0,1579.07
15,1,256.55,19.734615384615385,0,256.55
63,2,546.25,17.620967741935484,0,546.25
207,3,323.86,10.120625,1,323.86
14,3,420.17,4.001619047619048,0,420.17
177,3,1958.6,17.96880733944954,1,1958.6
183,8,3004.6,12.571548117154812,1,3004.6
59,4,932.93,10.723333333333333,0,932.93
70,2,679.4,15.44090909090909,0,679.4
32,3,715.5,39.75,0,715.5
19,2,162.8,14.8,0,162.8
30,1,892.1500000000001,19.825555555555557,0,892.1500000000001
2,4,1653.28,9.612093023255813,0,1653.28
12,9,2609.16,22.11152542372881,0,2609.16
2,28,20329.68,49.82764705882353,0,20329.68
1,10,3943.6000000000004,21.088770053475937,0,3943.6000000000004
157,1,591.6600000000001,147.91500000000002,1,591.6600000000001
234,1,185.8,5.021621621621622,1,185.8
64,3,433.3,16.665384615384617,0,433.3
81,6,26286.75,1546.2794117647059,0,26286.75
163,1,358.15,21.06764705882353,1,358.15
106,4,1206.0,31.736842105263158,1,1206.0
3,7,1757.91,7.26409090909091,0,1757.91
262,1,229.47,4.025789473684211,1,229.47
4,4,790.74,24.710625,0,790.74
36,4,823.14,5.964782608695652,0,823.14
63,4,1703.07,14.809304347826087,0,1703.07
79,2,434.2,6.578787878787878,0,434.2
30,13,4742.0,364.7692307692308,0,4742.0
3,7,52422.3,602.5551724137931,0,52422.3
22,2,473.49,16.910357142857144,0,473.49
261,1,1201.52,17.933134328358207,1,1201.52
367,3,481.32,6.685,1,481.32
15,1,115.77,4.2877777777777775,0,115.77
366,1,178.98000000000002,13.76769230769231,1,178.98000000000002
8,9,1387.95,15.421666666666667,0,1387.95
15,1,184.41,14.185384615384615,0,184.41
256,2,266.5,6.1976744186046515,1,266.5
3,3,422.2,16.887999999999998,0,422.2
51,11,2448.2,16.76849315068493,0,2448.2
2,2,348.84,4.20289156626506,0,348.84
19,3,1007.74,25.1935,0,1007.74
84,1,158.92,6.1123076923076916,0,158.92
128,1,35.7,35.7,1,35.7
29,3,1839.1399999999999,57.473124999999996,0,1839.1399999999999
23,3,403.6,8.96888888888889,0,403.6
17,2,301.25,14.345238095238095,0,301.25
176,4,986.63,15.178923076923077,1,986.63
130,1,549.05,18.301666666666666,1,549.05
75,4,1603.6,178.17777777777778,0,1603.6
56,7,1432.01,34.09547619047619,0,1432.01
113,3,1319.6399999999999,50.755384615384614,1,1319.6399999999999
177,1,896.8000000000001,22.42,1,896.8000000000001
19,5,649.32,17.54918918918919,0,649.32
22,1,365.82,14.07,0,365.82
4,3,530.58,7.4729577464788735,0,530.58
36,4,2023.91,17.75359649122807,0,2023.91
23,5,1376.05,16.38154761904762,0,1376.05
239,3,1262.52,14.511724137931035,1,1262.52
45,1,360.85,18.992105263157896,0,360.85
15,4,1318.3899999999999,27.466458333333332,0,1318.3899999999999
123,7,288.42,3.3931764705882355,1,288.42
32,10,3271.4900000000002,12.161672862453532,0,3271.4900000000002
56,2,288.33,22.179230769230767,0,288.33
63,2,913.95,21.760714285714286,0,913.95
23,5,924.5200000000001,7.578032786885247,0,924.5200000000001
79,5,927.61,92.761,0,927.61
80,4,1264.05,20.064285714285713,0,1264.05
18,2,419.38,15.532592592592593,0,419.38
108,1,111.53,4.647083333333334,1,111.53
54,5,4456.58,24.486703296703297,0,4456.58
21,14,11645.7,10.684128440366973,0,11645.7
285,1,189.63,7.293461538461538,1,189.63
64,8,3391.52,59.50035087719298,0,3391.52
2,14,6379.7699999999995,33.227968749999995,0,6379.7699999999995
145,1,173.66,12.404285714285715,1,173.66
14,3,263.75,12.55952380952381,0,263.75
35,3,490.32,16.90758620689655,0,490.32
5,59,28967.07,84.45209912536443,0,28967.07
15,8,2799.08,14.208527918781726,0,2799.08
357,1,294.0,29.4,1,294.0
18,4,1198.09,15.764342105263157,0,1198.09
149,2,323.29,35.92111111111112,1,323.29
2,5,7205.39,25.19367132867133,0,7205.39
212,2,1018.42,18.85962962962963,1,1018.42
112,1,340.48,22.698666666666668,1,340.48
66,1,109.80000000000001,54.900000000000006,0,109.80000000000001
2,7,1411.91,17.43098765432099,0,1411.91
182,1,1000.63,1000.63,1,1000.63
15,3,732.55,23.63064516129032,0,732.55
4,10,4292.59,34.068174603174604,0,4292.59
59,2,2085.61,36.58964912280702,0,2085.61
12,1,106.47999999999999,21.296,0,106.47999999999999
15,5,1955.0,33.13559322033898,0,1955.0
7,2,234.22,3.495820895522388,0,234.22
35,2,552.39,5.469207920792079,0,552.39
18,2,569.22,9.647796610169491,0,569.22
59,13,4518.43,34.491832061068706,0,4518.43
4,1,270.72,5.524897959183674,0,270.72
81,4,1372.72,22.140645161290323,0,1372.72
47,4,1548.46,5.651313868613139,0,1548.46
144,7,2869.16,119.54833333333333,1,2869.16
40,3,549.99,6.470470588235294,0,549.99
99,2,70.74000000000001,17.685000000000002,1,70.74000000000001
21,1,418.87,12.319705882352942,0,418.87
164,1,759.13,21.086944444444445,1,759.13
281,1,395.5,15.82,1,395.5
73,1,33.099999999999994,6.619999999999999,0,33.099999999999994
38,1,81.6,81.6,0,81.6
82,2,308.14,5.706296296296296,0,308.14
23,4,356.71,14.2684,0,356.71
316,1,422.7,15.096428571428572,1,422.7
19,14,6726.35,22.421166666666668,0,6726.35
178,2,935.62,13.559710144927536,1,935.62
185,1,120.05,9.234615384615385,1,120.05
67,2,485.98,16.199333333333335,0,485.98
207,2,439.1,3.955855855855856,1,439.1
33,4,1035.43,9.082719298245614,0,1035.43
45,8,3327.29,42.11759493670886,0,3327.29
241,3,402.72,7.457777777777778,1,402.72
46,1,315.98,16.630526315789474,0,315.98
54,4,2493.2,24.44313725490196,0,2493.2
1,19,10533.87,53.47142131979696,0,10533.87
2,39,19333.95,23.751781326781327,0,19333.95
164,1,241.45,18.573076923076922,1,241.45
235,1,150.0,150.0,1,150.0
17,2,208.3,17.358333333333334,0,208.3
84,1,468.5,18.01923076923077,0,468.5
65,3,1310.99,20.169076923076922,0,1310.99
57,2,456.40000000000003,16.903703703703705,0,456.40000000000003
78,2,327.84,17.254736842105263,0,327.84
8,3,526.97,10.5394,0,526.97
7,18,7814.83,23.327850746268656,0,7814.83
260,3,130.99,4.851481481481482,1,130.99
56,1,206.07999999999998,13.738666666666665,0,206.07999999999998
71,1,809.44,10.93837837837838,0,809.44
268,1,818.29,16.3658,1,818.29
32,2,417.3,7.587272727272728,0,417.3
184,5,1015.42,25.3855,1,1015.42
75,2,631.87,18.584411764705884,0,631.87
289,1,352.821,20.754176470588238,1,352.821
324,1,167.1,6.426923076923076,1,167.1
23,10,1839.03,18.208217821782178,0,1839.03
12,17,7589.24,14.910098231827112,0,7589.24
317,1,337.66999999999996,9.126216216216216,1,337.66999999999996
2,1,316.46,4.794848484848485,0,316.46
15,3,482.33,7.1989552238805965,0,482.33
57,6,4048.98,27.924,0,4048.98
26,4,1080.25,7.060457516339869,0,1080.25
302,1,390.85,20.571052631578947,1,390.85
14,4,2393.5,85.48214285714286,0,2393.5
11,7,19543.84,92.18792452830189,0,19543.84
59,2,850.34,14.661034482758621,0,850.34
99,1,291.13,29.113,1,291.13
33,10,8333.72,19.74815165876777,0,8333.72
42,1,328.13,16.4065,0,328.13
24,1,293.74,20.981428571428573,0,293.74
149,4,1374.41,40.42382352941177,1,1374.41
3,7,1271.1499999999999,8.474333333333332,0,1271.1499999999999
26,2,439.45,10.71829268292683,0,439.45
65,4,433.75,18.072916666666668,0,433.75
114,4,689.75,8.020348837209303,1,689.75
246,1,537.58,23.373043478260872,1,537.58
360,1,60.48,60.48,1,60.48
2,2,495.72,16.524,0,495.72
22,3,1059.41,18.265689655172416,0,1059.41
73,3,708.77,10.738939393939393,0,708.77
201,2,1266.63,22.618392857142858,1,1266.63
268,1,1466.31,34.912142857142854,1,1466.31
141,2,256.85,4.84622641509434,1,256.85
15,4,1078.22,10.675445544554456,0,1078.22
1,2,1671.9,9.445762711864408,0,1671.9
24,1,417.8,18.990909090909092,0,417.8
32,7,7062.2,24.60696864111498,0,7062.2
47,1,519.8100000000001,39.98538461538462,0,519.8100000000001
19,1,1237.23,5.9769565217391305,0,1237.23
32,1,263.38,14.632222222222222,0,263.38
119,6,1828.43,14.173875968992249,1,1828.43
35,3,477.98,6.732112676056338,0,477.98
73,3,745.5,19.61842105263158,0,745.5
43,3,1674.98,13.729344262295083,0,1674.98
372,1,210.39,4.045961538461539,1,210.39
10,8,2270.86,18.022698412698414,0,2270.86
248,2,1144.3,26.00681818181818,1,1144.3
23,3,462.18,19.2575,0,462.18
53,5,11364.08,140.29728395061727,0,11364.08
5,14,5145.52,11.113434125269979,0,5145.52
315,2,582.61,10.992641509433962,1,582.61
59,4,1471.52,98.10133333333333,0,1471.52
10,7,1339.89,16.541851851851852,0,1339.89
197,2,193.15,5.365277777777778,1,193.15
157,2,553.88,15.385555555555555,1,553.88
45,4,3867.5,27.429078014184398,0,3867.5
59,2,286.6,7.348717948717949,0,286.6
242,2,24.05,12.025,1,24.05
191,1,109.44,109.44,1,109.44
72,5,2248.3,17.03257575757576,0,2248.3
14,16,8854.25,30.21928327645051,0,8854.25
158,2,61.300000000000004,5.572727272727273,1,61.300000000000004
225,2,404.7,80.94,1,404.7
260,1,132.8,2.4145454545454546,1,132.8
15,4,1709.83,14.130826446280992,0,1709.83
11,10,4287.5,17.79045643153527,0,4287.5
2,13,4091.16,18.51203619909502,0,4091.16
59,1,75.41,2.900384615384615,0,75.41
11,5,1462.95,35.68170731707317,0,1462.95
318,1,117.72,117.72,1,117.72
122,1,139.95000000000002,19.992857142857144,1,139.95000000000002
79,3,1271.06,16.295641025641025,0,1271.06
57,1,1325.0,331.25,0,1325.0
1,14,5272.83,28.046968085106382,0,5272.83
3,6,1361.23,11.343583333333333,0,1361.23
2,4,1162.0,32.27777777777778,0,1162.0
78,3,1698.8300000000002,26.544218750000002,0,1698.8300000000002
22,1,195.0,97.5,0,195.0
54,8,2476.25,12.138480392156863,0,2476.25
2,10,2244.29,15.062348993288591,0,2244.29
10,8,1934.63,19.741122448979592,0,1934.63
30,3,619.971,8.26628,0,619.971
73,1,359.27,17.9635,0,359.27
30,2,524.65,40.357692307692304,0,524.65
135,2,207.09,4.406170212765957,1,207.09
108,6,1404.58,20.65558823529412,1,1404.58
191,1,93.6,18.72,1,93.6
19,8,2005.3400000000001,17.28741379310345,0,2005.3400000000001
26,8,1654.63,8.80122340425532,0,1654.63
78,3,1647.87,21.40090909090909,0,1647.87
46,1,1352.96,27.0592,0,1352.96
11,6,5415.2,18.23299663299663,0,5415.2
17,2,605.7,14.773170731707317,0,605.7
257,1,127.65,7.508823529411765,1,127.65
36,2,107.55000000000001,17.925,0,107.55000000000001
72,1,324.45,16.2225,0,324.45
226,1,277.93,17.370625,1,277.93
245,2,680.85,32.42142857142857,1,680.85
95,7,4195.45,37.459375,1,4195.45
8,4,995.29,14.636617647058824,0,995.29
12,2,566.9,5.669,0,566.9
54,3,2833.01,6.634683840749415,0,2833.01
36,14,6145.37,48.38874015748031,0,6145.37
58,8,2863.69,19.614315068493152,0,2863.69
68,2,495.98,4.679056603773585,0,495.98
14,2,439.46000000000004,8.138148148148149,0,439.46000000000004
107,1,178.98000000000002,5.593125000000001,1,178.98000000000002
11,1,257.06,16.06625,0,257.06
23,1,604.2,4.41021897810219,0,604.2
49,2,1428.28,19.837222222222223,0,1428.28
37,2,503.64,18.653333333333332,0,503.64
106,3,1002.29,13.363866666666667,1,1002.29
219,1,508.20000000000005,254.10000000000002,1,508.20000000000005
60,1,1044.38,16.577460317460318,0,1044.38
70,3,645.0,64.5,0,645.0
49,17,3729.59,18.555174129353233,0,3729.59
43,1,94.92,15.82,0,94.92
59,2,278.77,3.0634065934065933,0,278.77
17,2,640.13,17.781388888888888,0,640.13
15,9,6057.59,26.685418502202644,0,6057.59
151,2,129.69,14.41,1,129.69
45,4,1774.16,24.641111111111112,0,1774.16
21,2,1847.94,31.861034482758622,0,1847.94
227,1,227.2,6.491428571428571,1,227.2
362,2,875.97,26.544545454545457,1,875.97
2,18,7637.56,10.726910112359551,0,7637.56
73,4,1316.8899999999999,5.3532113821138205,0,1316.8899999999999
217,1,160.46,5.014375,1,160.46
33,8,1141.06,4.814599156118144,0,1141.06
10,6,1355.24,22.21704918032787,0,1355.24
50,1,205.25,18.65909090909091,0,205.25
11,9,16652.72,78.92284360189574,0,16652.72
9,13,9653.279999999999,301.66499999999996,0,9653.279999999999
8,3,1163.39,17.36402985074627,0,1163.39
7,18,2119.86,8.47944,0,2119.86
10,17,1094.39,11.399895833333334,0,1094.39
217,3,1593.83,16.777157894736842,1,1593.83
238,1,329.22,14.964545454545457,1,329.22
51,1,248.65,19.126923076923077,0,248.65
47,2,880.62,18.73659574468085,0,880.62
29,1,205.8,6.86,0,205.8
26,1,321.91,13.99608695652174,0,321.91
7,7,2740.91,21.413359375,0,2740.91
192,1,166.63,15.148181818181818,1,166.63
37,1,414.7,24.394117647058824,0,414.7
71,2,139.2,69.6,0,139.2
25,11,5759.68,24.509276595744684,0,5759.68
362,1,145.06,4.144571428571429,1,145.06
66,3,742.9000000000001,26.532142857142862,0,742.9000000000001
103,2,370.05,6.9820754716981135,1,370.05
191,4,598.19,12.462291666666667,1,598.19
17,18,13679.61,55.83514285714286,0,13679.61
165,1,314.7,39.3375,1,314.7
11,3,597.33,3.6201818181818184,0,597.33
26,1,75.6,37.8,0,75.6
16,4,741.5,8.723529411764705,0,741.5
86,4,1363.54,5.58827868852459,0,1363.54
4,3,489.65000000000003,14.83787878787879,0,489.65000000000003
8,15,11441.92,40.71857651245551,0,11441.92
136,1,40.8,40.8,1,40.8
50,2,730.47,12.38084745762712,0,730.47
1,8,4842.28,21.053391304347826,0,4842.28
29,3,1203.56,8.596857142857143,0,1203.56
4,13,3866.05,6.619948630136987,0,3866.05
259,1,219.39999999999998,36.56666666666666,1,219.39999999999998
4,5,1200.15,18.463846153846156,0,1200.15
10,5,3940.13,32.83441666666667,0,3940.13
8,2,504.85,14.023611111111112,0,504.85
368,1,379.16,8.067234042553192,1,379.16
1,12,1658.8999999999999,14.811607142857142,0,1658.8999999999999
187,2,612.0600000000001,6.000588235294118,1,612.0600000000001
7,1,303.5,30.35,0,303.5
2,8,10051.53,27.166297297297298,0,10051.53
7,11,5925.4800000000005,116.18588235294119,0,5925.4800000000005
119,3,816.6,18.990697674418605,1,816.6
148,1,79.48,15.896,1,79.48
18,14,2454.2200000000003,7.326029850746269,0,2454.2200000000003
359,1,323.25,20.203125,1,323.25
94,2,208.62,17.385,1,208.62
26,6,884.64,98.29333333333334,0,884.64
2,7,1504.26,167.14,0,1504.26
36,5,711.8100000000001,6.530366972477065,0,711.8100000000001
25,4,2313.18,6.552917847025495,0,2313.18
9,12,2646.44,5.199292730844794,0,2646.44
50,1,162.53,7.066521739130435,0,162.53
261,1,169.21,4.028809523809524,1,169.21
10,4,1323.65,10.5892,0,1323.65
4,1,300.66,27.332727272727276,0,300.66
45,1,106.81,3.6831034482758622,0,106.81
60,12,3722.12,66.46642857142857,0,3722.12
8,18,9729.09,43.433437500000004,0,9729.09
114,3,961.9000000000001,43.722727272727276,1,961.9000000000001
10,4,1451.66,19.100789473684213,0,1451.66
67,3,1188.33,15.432857142857141,0,1188.33
2,8,3173.9,16.88244680851064,0,3173.9
155,3,1591.73,16.409587628865978,1,1591.73
19,2,1319.67,16.704683544303798,0,1319.67
21,5,1965.52,39.3104,0,1965.52
275,1,214.13,8.565199999999999,1,214.13
3,40,17885.32,42.28208037825059,0,17885.32
282,1,111.72,4.4688,1,111.72
42,1,107.75,21.55,0,107.75
267,1,45.6,22.8,1,45.6
8,26,8560.550000000001,26.503250773993813,0,8560.550000000001
72,6,2100.09,18.750803571428573,0,2100.09
44,2,1272.8,31.82,0,1272.8
222,1,160.5,17.833333333333332,1,160.5
177,1,131.53,6.263333333333334,1,131.53
65,2,817.46,26.36967741935484,0,817.46
31,4,496.0,17.714285714285715,0,496.0
59,4,805.9200000000001,100.74000000000001,0,805.9200000000001
165,1,1230.33,17.087916666666665,1,1230.33
282,1,114.10000000000001,10.372727272727273,1,114.10000000000001
115,9,5496.39,48.640619469026554,1,5496.39
44,2,638.6999999999999,319.34999999999997,0,638.6999999999999
46,2,381.15,7.940625,0,381.15
116,4,457.96000000000004,19.081666666666667,1,457.96000000000004
205,3,1431.5,8.520833333333334,1,1431.5
110,3,991.7900000000001,30.054242424242428,1,991.7900000000001
36,5,1744.61,16.615333333333332,0,1744.61
45,1,42.0,42.0,0,42.0
232,1,438.65000000000003,19.071739130434786,1,438.65000000000003
61,3,1294.17,15.048488372093024,0,1294.17
35,3,7056.63,26.72965909090909,0,7056.63
367,1,102.82,6.854666666666666,1,102.82
2,17,10245.49,26.750626631853784,0,10245.49
52,2,615.27,27.96681818181818,0,615.27
73,2,725.15,15.428723404255319,0,725.15
184,4,1923.99,23.752962962962965,1,1923.99
47,2,775.11,9.811518987341772,0,775.11
52,15,4546.86,9.9930989010989,0,4546.86
136,1,366.13,14.081923076923077,1,366.13
246,4,797.96,14.777037037037038,1,797.96
318,1,129.23,129.23,1,129.23
277,1,336.5,18.694444444444443,1,336.5
36,1,223.98,24.886666666666667,0,223.98
19,1,383.96999999999997,15.99875,0,383.96999999999997
23,3,376.20000000000005,28.938461538461542,0,376.20000000000005
2,7,1898.6100000000001,17.104594594594595,0,1898.6100000000001
4,1,76.32000000000001,76.32000000000001,0,76.32000000000001
82,5,1263.7,17.55138888888889,0,1263.7
15,7,1676.68,5.683661016949153,0,1676.68
289,3,71.15,5.473076923076923,1,71.15
266,1,248.8,5.528888888888889,1,248.8
3,9,1633.33,5.710944055944056,0,1633.33
310,1,195.55,24.44375,1,195.55
50,1,310.74,17.263333333333335,0,310.74
92,1,129.75,7.632352941176471,1,129.75
78,3,894.13,3.973911111111111,0,894.13
8,4,620.85,20.02741935483871,0,620.85
205,2,372.2,37.22,1,372.2
16,5,1079.5,5.681578947368421,0,1079.5
67,1,1037.28,21.168979591836734,0,1037.28
19,1,557.91,5.635454545454545,0,557.91
1,11,2752.5099999999998,7.582672176308539,0,2752.5099999999998
32,8,3458.35,18.012239583333333,0,3458.35
92,2,516.0,34.4,1,516.0
88,2,233.25,21.204545454545453,0,233.25
54,6,2470.28,3.84778816199377,0,2470.28
182,1,111.71,4.137407407407407,1,111.71
89,2,1288.72,10.56327868852459,0,1288.72
88,7,3040.51,19.49044871794872,0,3040.51
68,3,2227.59,40.501636363636365,0,2227.59
332,1,120.0,60.0,1,120.0
38,1,208.79999999999998,34.8,0,208.79999999999998
22,1,201.73,4.385434782608695,0,201.73
53,7,2146.38,15.899111111111113,0,2146.38
189,1,314.65999999999997,16.561052631578946,1,314.65999999999997
11,9,2661.54,9.678327272727273,0,2661.54
2,10,4505.02,19.252222222222223,0,4505.02
22,1,128.45,32.1125,0,128.45
9,8,2082.7,11.197311827956987,0,2082.7
232,1,294.74,5.8948,1,294.74
5,11,5716.14,64.22629213483147,0,5716.14
72,1,72.0,72.0,0,72.0
261,1,282.05,12.820454545454545,1,282.05
74,4,2196.71,32.78671641791045,0,2196.71
234,1,703.22,54.09384615384616,1,703.22
166,2,570.76,16.78705882352941,1,570.76
192,1,152.15,21.735714285714288,1,152.15
72,2,249.65,6.401282051282052,0,249.65
18,1,420.75,8.25,0,420.75
247,2,1339.05,22.3175,1,1339.05
38,1,721.28,16.028444444444442,0,721.28
58,2,321.3,53.550000000000004,0,321.3
32,3,953.45,14.89765625,0,953.45
49,1,179.4,16.30909090909091,0,179.4
311,1,208.0,13.0,1,208.0
214,2,155.8,38.95,1,155.8
33,1,185.20000000000002,10.28888888888889,0,185.20000000000002
32,4,6096.04,80.21105263157895,0,6096.04
45,2,847.03,16.9406,0,847.03
288,1,303.21999999999997,4.525671641791044,1,303.21999999999997
294,1,164.69,2.79135593220339,1,164.69
82,3,467.25,4.098684210526316,0,467.25
7,102,196566.74,74.23215256797583,0,196566.74
4,4,433.73,4.71445652173913,0,433.73
73,4,3147.36,38.8562962962963,0,3147.36
361,1,310.43,13.496956521739131,1,310.43
14,7,2417.7799999999997,18.316515151515148,0,2417.7799999999997
4,8,1932.64,23.56878048780488,0,1932.64
8,8,2166.42,17.757540983606557,0,2166.42
38,1,400.3,16.679166666666667,0,400.3
73,2,465.70000000000005,18.628,0,465.70000000000005
65,6,7493.77,32.16210300429185,0,7493.77
17,2,297.75,29.775,0,297.75
218,1,310.83,13.514347826086956,1,310.83
371,1,231.90000000000003,57.97500000000001,1,231.90000000000003
78,2,276.88,7.910857142857143,0,276.88
318,1,63.24,63.24,1,63.24
79,3,1766.46,39.254666666666665,0,1766.46
29,5,1827.77,4.490835380835381,0,1827.77
73,3,1315.2,20.876190476190477,0,1315.2
30,5,1616.48,70.28173913043479,0,1616.48
8,5,1747.01,8.522,0,1747.01
32,3,1251.65,19.55703125,0,1251.65
65,4,474.1,36.46923076923077,0,474.1
313,1,298.3,24.858333333333334,1,298.3
21,2,385.40000000000003,19.270000000000003,0,385.40000000000003
17,1,113.35,16.192857142857143,0,113.35
86,1,153.12,13.92,0,153.12
11,8,4912.38,16.70877551020408,0,4912.38
49,8,5578.5,199.23214285714286,0,5578.5
18,5,2358.02,6.321769436997319,0,2358.02
2,3,791.96,10.420526315789473,0,791.96
145,13,4352.46,24.590169491525423,1,4352.46
56,2,370.45,24.696666666666665,0,370.45
254,1,190.95,17.35909090909091,1,190.95
17,2,247.84,9.9136,0,247.84
8,5,1596.71,19.472073170731708,0,1596.71
17,5,796.9,16.602083333333333,0,796.9
100,3,759.98,16.888444444444445,1,759.98
32,3,1254.21,22.003684210526316,0,1254.21
12,5,1066.3,16.925396825396824,0,1066.3
9,7,2343.2,21.899065420560746,0,2343.2
66,2,1336.56,27.845,0,1336.56
15,2,682.54,14.837826086956522,0,682.54
208,1,152.76,3.5525581395348835,1,152.76
231,1,82.2,16.44,1,82.2
23,2,283.19,12.872272727272728,0,283.19
147,2,175.5,29.25,1,175.5
44,2,353.1,8.025,0,353.1
24,1,119.92,3.633939393939394,0,119.92
163,1,404.45000000000005,21.286842105263162,1,404.45000000000005
19,8,2316.91,6.129391534391534,0,2316.91
29,1,420.54,24.73764705882353,0,420.54
310,1,294.17,14.008095238095239,1,294.17
158,1,13.919999999999998,13.919999999999998,1,13.919999999999998
94,4,913.46,16.608363636363638,1,913.46
31,1,102.6,25.65,0,102.6
186,1,92.30000000000001,11.537500000000001,1,92.30000000000001
176,1,385.56,16.763478260869565,1,385.56
19,7,2737.05,16.195562130177517,0,2737.05
9,3,640.0,16.41025641025641,0,640.0
15,5,2547.28,41.75868852459017,0,2547.28
4,6,2221.37,30.42972602739726,0,2221.37
3,8,1460.92,19.222631578947368,0,1460.92
212,29,23691.4,116.1343137254902,1,23691.4
22,2,646.44,19.01294117647059,0,646.44
82,3,436.82,13.236969696969696,0,436.82
197,4,496.15999999999997,17.10896551724138,1,496.15999999999997
15,7,1567.79,68.16478260869565,0,1567.79
36,22,29480.061,70.02389786223279,0,29480.061
4,2,505.8,63.225,0,505.8
65,2,774.4499999999999,16.134375,0,774.4499999999999
261,2,1322.8700000000001,12.969313725490197,1,1322.8700000000001
32,2,289.23,10.329642857142858,0,289.23
39,1,516.28,23.467272727272725,0,516.28
198,2,432.45,36.0375,1,432.45
50,7,1662.45,20.780625,0,1662.45
73,3,1878.92,23.196543209876545,0,1878.92
68,2,1096.24,8.120296296296296,0,1096.24
283,2,400.8,30.83076923076923,1,400.8
318,1,453.38,28.33625,1,453.38
24,8,3005.9500000000003,17.476453488372094,0,3005.9500000000003
25,2,751.5600000000001,62.63,0,751.5600000000001
163,1,102.0,102.0,1,102.0
368,1,312.65,26.054166666666664,1,312.65
2,2,255.84,2.8426666666666667,0,255.84
171,1,396.91,15.8764,1,396.91
70,2,409.25,24.073529411764707,0,409.25
259,1,175.5,17.55,1,175.5
60,1,494.85,19.032692307692308,0,494.85
127,3,945.79,27.02257142857143,1,945.79
22,1,285.11,7.705675675675676,0,285.11
22,2,226.04,22.604,0,226.04
53,5,2600.46,27.088125,0,2600.46
67,1,307.95,18.11470588235294,0,307.95
11,12,5252.1900000000005,59.683977272727276,0,5252.1900000000005
31,3,437.87,4.9198876404494385,0,437.87
50,5,885.83,3.769489361702128,0,885.83
270,1,279.8,15.544444444444444,1,279.8
162,1,96.55,8.777272727272727,1,96.55
17,1,319.75,17.76388888888889,0,319.75
2,8,2690.15,21.18228346456693,0,2690.15
229,4,2165.76,77.34857142857143,1,2165.76
1,8,2286.89,8.62977358490566,0,2286.89
170,1,111.5,22.3,1,111.5
17,2,1798.2,23.976,0,1798.2
220,1,289.87,24.155833333333334,1,289.87
21,9,2919.84,20.276666666666667,0,2919.84
22,1,127.0,21.166666666666668,0,127.0
184,1,161.94,7.711428571428572,1,161.94
67,1,260.45,15.320588235294117,0,260.45
87,2,285.6,57.120000000000005,0,285.6
5,7,2585.2,20.196875,0,2585.2
128,10,4293.43,11.122875647668394,1,4293.43
308,1,269.37,15.84529411764706,1,269.37
138,1,153.24,76.62,1,153.24
65,3,2559.45,23.920093457943924,0,2559.45
45,1,426.26,17.0504,0,426.26
16,2,303.7,50.61666666666667,0,303.7
3,31,84541.17,89.1784493670886,0,84541.17
52,6,3442.7400000000002,22.211225806451615,0,3442.7400000000002
325,1,200.18,12.51125,1,200.18
278,1,433.77,24.098333333333333,1,433.77
109,3,744.34,16.916818181818183,1,744.34
2,9,1311.64,12.85921568627451,0,1311.64
77,2,608.86,26.47217391304348,0,608.86
68,1,240.68,17.19142857142857,0,240.68
10,6,1897.69,21.564659090909092,0,1897.69
28,8,5284.97,23.913891402714935,0,5284.97
30,1,197.31,17.937272727272727,0,197.31
159,3,899.41,6.160342465753424,1,899.41
164,1,112.34,22.468,1,112.34
368,1,143.70000000000002,13.063636363636364,1,143.70000000000002
9,94,131443.19,137.34920585161964,0,131443.19
28,4,1038.59,5.116206896551724,0,1038.59
37,1,619.5,19.359375,0,619.5
123,1,357.6,89.4,1,357.6
201,1,264.15,11.00625,1,264.15
358,2,475.74,18.29769230769231,1,475.74
10,9,3598.25,16.893192488262912,0,3598.25
12,6,456.90000000000003,24.047368421052635,0,456.90000000000003
373,1,221.53,18.460833333333333,1,221.53
238,1,122.45,24.490000000000002,1,122.45
10,6,1525.5800000000002,19.311139240506332,0,1525.5800000000002
99,3,1511.01,20.419054054054055,1,1511.01
11,6,1588.57,12.508425196850393,0,1588.57
10,5,571.0,5.653465346534653,0,571.0
164,3,825.02,25.781875,1,825.02
4,6,2533.09,18.489708029197082,0,2533.09
40,2,651.8,4.288157894736842,0,651.8
89,1,215.22,14.348,0,215.22
67,1,461.68,16.48857142857143,0,461.68
303,3,352.91,4.356913580246914,1,352.91
182,1,126.03,14.003333333333334,1,126.03
68,1,304.18,17.89294117647059,0,304.18
103,2,848.3299999999999,19.72860465116279,1,848.3299999999999
52,6,1038.03,14.828999999999999,0,1038.03
7,1,754.87,19.355641025641027,0,754.87
56,3,6001.49,2000.4966666666667,0,6001.49
19,1,311.1,16.373684210526317,0,311.1
23,2,522.67,9.861698113207547,0,522.67
9,8,2442.47,25.442395833333332,0,2442.47
56,5,2188.5,12.434659090909092,0,2188.5
259,1,200.63,15.433076923076923,1,200.63
74,1,335.7,17.66842105263158,0,335.7
180,2,654.32,20.4475,1,654.32
232,1,301.26,14.345714285714285,1,301.26
138,2,1524.3400000000001,16.93711111111111,1,1524.3400000000001
38,2,227.47000000000003,28.433750000000003,0,227.47000000000003
16,2,346.21,3.4970707070707068,0,346.21
227,1,292.21,16.233888888888888,1,292.21
21,2,948.42,19.75875,0,948.42
67,2,1061.84,17.407213114754096,0,1061.84
29,11,5218.37,5.611150537634408,0,5218.37
130,2,900.1800000000001,33.34,1,900.1800000000001
49,5,3721.45,31.012083333333333,0,3721.45
78,5,6879.8,57.813445378151265,0,6879.8
21,6,4195.5,17.33677685950413,0,4195.5
17,5,995.9499999999999,6.425483870967741,0,995.9499999999999
32,1,75.0,37.5,0,75.0
82,5,1219.49,15.634487179487179,0,1219.49
54,3,520.58,15.311176470588236,0,520.58
1,2,552.08,18.40266666666667,0,552.08
70,1,251.1,17.935714285714287,0,251.1
42,3,13544.99,145.64505376344087,0,13544.99
78,1,722.5600000000001,19.014736842105265,0,722.5600000000001
49,7,2485.46,17.141103448275864,0,2485.46
282,1,815.79,16.995625,1,815.79
161,3,741.69,17.248604651162793,1,741.69
187,7,2774.0,7.579234972677596,1,2774.0
30,3,597.16,11.267169811320754,0,597.16
17,3,535.1,7.33013698630137,0,535.1
15,1,217.74,6.404117647058824,0,217.74
23,4,1170.0,16.027397260273972,0,1170.0
262,4,1313.67,17.752297297297297,1,1313.67
218,2,831.45,18.075,1,831.45
88,2,1272.8,16.317948717948717,0,1272.8
12,2,488.24,15.749677419354839,0,488.24
14,3,627.96,21.653793103448276,0,627.96
140,1,299.02,15.737894736842104,1,299.02
197,2,746.1800000000001,14.630980392156864,1,746.1800000000001
15,2,313.46,5.597499999999999,0,313.46
255,1,365.1,36.510000000000005,1,365.1
56,3,1722.09,25.32485294117647,0,1722.09
373,1,87.30000000000001,14.550000000000002,1,87.30000000000001
108,10,2965.91,22.300075187969924,1,2965.91
16,6,1072.73,4.623836206896552,0,1072.73
91,1,979.1999999999999,979.1999999999999,1,979.1999999999999
23,9,2065.26,11.410276243093923,0,2065.26
44,3,1994.47,16.620583333333332,0,1994.47
315,6,2017.2,32.535483870967745,1,2017.2
372,2,777.0,51.8,1,777.0
63,5,1550.63,14.909903846153847,0,1550.63
165,1,373.17,7.040943396226416,1,373.17
68,2,2180.64,27.258,0,2180.64
38,1,252.68,10.1072,0,252.68
15,1,211.99,5.29975,0,211.99
95,4,4037.77,34.5108547008547,1,4037.77
107,1,110.65,7.376666666666667,1,110.65
106,1,129.85,18.55,1,129.85
78,1,143.05,28.610000000000003,0,143.05
64,4,542.49,18.083000000000002,0,542.49
47,1,355.45,15.454347826086956,0,355.45
17,4,1857.26,14.397364341085272,0,1857.26
21,8,1158.02,4.906864406779661,0,1158.02
23,6,1647.17,21.962266666666668,0,1647.17
9,9,4704.54,15.47546052631579,0,4704.54
19,4,871.14,9.78808988764045,0,871.14
182,1,351.66,15.984545454545456,1,351.66
64,2,340.86,6.555000000000001,0,340.86
371,1,20.4,20.4,1,20.4
2,7,8821.55,120.8431506849315,0,8821.55
81,4,3413.09,24.913065693430656,0,3413.09
117,1,227.51,4.739791666666666,1,227.51
17,1,30.300000000000004,15.150000000000002,0,30.300000000000004
10,2,1102.3500000000001,8.748809523809525,0,1102.3500000000001
18,3,666.6500000000001,17.543421052631583,0,666.6500000000001
203,1,488.21000000000004,22.191363636363636,1,488.21000000000004
226,2,516.13,13.94945945945946,1,516.13
257,1,250.26,17.875714285714285,1,250.26
56,1,160.65,20.08125,0,160.65
49,9,2119.77,10.926649484536082,0,2119.77
5,16,3323.75,41.546875,0,3323.75
315,1,231.32,16.52285714285714,1,231.32
86,7,4009.66,133.65533333333332,0,4009.66
12,8,1381.19,6.031397379912664,0,1381.19
257,1,131.25,14.583333333333334,1,131.25
2,10,6226.43,32.42932291666667,0,6226.43
10,6,2287.32,18.446129032258067,0,2287.32
15,8,4709.2300000000005,20.745506607929517,0,4709.2300000000005
1,18,4311.93,8.983187500000001,0,4311.93
137,3,478.39,9.5678,1,478.39
19,2,344.61,9.313783783783784,0,344.61
44,2,607.0,17.852941176470587,0,607.0
359,1,307.95,19.246875,1,307.95
12,23,8403.22,40.79233009708737,0,8403.22
232,1,130.6,18.657142857142855,1,130.6
232,2,479.91999999999996,26.66222222222222,1,479.91999999999996
289,1,82.4,13.733333333333334,1,82.4
40,7,6273.45,8.641115702479338,0,6273.45
366,1,135.0,22.5,1,135.0
294,1,717.62,34.172380952380955,1,717.62
15,5,1590.83,18.077613636363637,0,1590.83
325,1,246.75,17.625,1,246.75
9,13,7166.0599999999995,32.72173515981735,0,7166.0599999999995
145,2,227.06,6.880606060606061,1,227.06
53,4,2782.34,10.868515625,0,2782.34
302,1,280.51,20.03642857142857,1,280.51
74,1,445.05,445.05,0,445.05
32,2,854.61,16.757058823529412,0,854.61
28,2,422.63,7.684181818181818,0,422.63
57,8,7021.66,77.1610989010989,0,7021.66
306,1,368.27,16.011739130434783,1,368.27
95,3,522.9,21.787499999999998,1,522.9
21,6,1702.98,243.28285714285715,0,1702.98
8,12,4615.72,15.488993288590605,0,4615.72
8,62,1699.1,4.134063260340632,0,1699.1
16,7,1362.02,6.516842105263158,0,1362.02
64,3,1750.3999999999999,19.89090909090909,0,1750.3999999999999
32,3,847.11,21.17775,0,847.11
1,15,7545.139999999999,24.49720779220779,0,7545.139999999999
186,3,10396.5,1155.1666666666667,1,10396.5
14,1,276.5,21.26923076923077,0,276.5
60,1,279.59,3.3284523809523807,0,279.59
64,3,869.03,6.583560606060606,0,869.03
179,1,170.4,21.3,1,170.4
46,2,285.9,15.04736842105263,0,285.9
1,6,1481.03,19.747066666666665,0,1481.03
10,6,1781.56,17.995555555555555,0,1781.56
305,1,283.79,7.4681578947368426,1,283.79
187,1,209.48,11.025263157894736,1,209.48
16,4,1230.42,18.3644776119403,0,1230.42
81,2,1120.45,24.357608695652175,0,1120.45
26,5,2210.64,19.915675675675676,0,2210.64
58,10,2144.47,6.518145896656534,0,2144.47
42,2,410.42,17.844347826086956,0,410.42
49,3,1081.41,11.2646875,0,1081.41
72,7,810.08,10.658947368421053,0,810.08
176,1,254.55,14.973529411764707,1,254.55
53,1,898.87,8.171545454545454,0,898.87
64,1,458.45,30.563333333333333,0,458.45
16,7,994.6,16.04193548387097,0,994.6
24,1,307.12,14.624761904761906,0,307.12
145,1,124.46,3.7715151515151515,1,124.46
17,2,299.61,13.618636363636364,0,299.61
9,2,547.6,18.253333333333334,0,547.6
9,6,3084.58,20.29328947368421,0,3084.58
30,1,307.55,15.377500000000001,0,307.55
14,2,845.01,17.978936170212766,0,845.01
128,2,566.89,18.286774193548386,1,566.89
108,4,800.67,7.6987499999999995,1,800.67
9,2,424.24,6.526769230769231,0,424.24
66,3,1293.72,17.482702702702703,0,1293.72
54,1,190.57,7.058148148148148,0,190.57
94,2,567.5600000000001,22.7024,1,567.5600000000001
2,15,6823.610000000001,55.02911290322581,0,6823.610000000001
32,1,2253.22,17.06984848484848,0,2253.22
217,1,267.9,16.74375,1,267.9
23,8,3862.19,20.115572916666668,0,3862.19
28,3,401.66999999999996,16.066799999999997,0,401.66999999999996
5,13,11308.48,19.77006993006993,0,11308.48
53,2,323.09000000000003,19.00529411764706,0,323.09000000000003
312,1,310.14,19.38375,1,310.14
247,1,128.07999999999998,18.297142857142855,1,128.07999999999998
367,1,312.9,26.075,1,312.9
18,5,1574.3300000000002,23.151911764705886,0,1574.3300000000002
88,2,216.95000000000002,15.496428571428572,0,216.95000000000002
85,1,382.2,54.6,0,382.2
29,1,1092.81,19.869272727272726,0,1092.81
57,1,1041.21,14.070405405405406,0,1041.21
9,5,1168.26,5.334520547945205,0,1168.26
73,2,651.41,54.284166666666664,0,651.41
1,27,23712.31,44.65595103578155,0,23712.31
152,3,818.22,5.383026315789474,1,818.22
54,1,411.0,58.714285714285715,0,411.0
155,1,231.33999999999997,17.795384615384613,1,231.33999999999997
57,4,705.65,5.831818181818182,0,705.65
38,1,424.71,18.465652173913043,0,424.71
10,8,3867.2400000000002,23.871851851851854,0,3867.2400000000002
281,1,367.15000000000003,28.242307692307694,1,367.15000000000003
86,2,875.31,6.207872340425531,0,875.31
47,4,982.27,5.252780748663102,0,982.27
261,1,388.55,18.502380952380953,1,388.55
99,2,83.0,16.6,1,83.0
56,2,746.24,15.546666666666667,0,746.24
10,27,25391.0,116.47247706422019,0,25391.0
88,3,1610.62,37.45627906976744,0,1610.62
5,8,2019.73,7.621622641509434,0,2019.73
36,5,3765.2,78.44166666666666,0,3765.2
25,6,1225.8700000000001,4.751434108527132,0,1225.8700000000001
1,5,895.84,20.833488372093026,0,895.84
45,4,1541.98,15.734489795918368,0,1541.98
52,3,683.9200000000001,28.49666666666667,0,683.9200000000001
38,4,730.7,16.606818181818184,0,730.7
241,1,454.36,19.754782608695653,1,454.36
4,8,1493.1200000000001,16.776629213483147,0,1493.1200000000001
15,12,13683.0,350.84615384615387,0,13683.0
26,5,741.11,14.53156862745098,0,741.11
26,3,609.98,4.14952380952381,0,609.98
59,1,270.8,19.342857142857145,0,270.8
21,1,65.34,16.335,0,65.34
2,5,868.36,12.230422535211268,0,868.36
134,4,1573.1299999999999,22.798985507246375,1,1573.1299999999999
178,7,1898.49,12.741543624161073,1,1898.49
2,2,2006.32,19.29153846153846,0,2006.32
357,1,131.25,14.583333333333334,1,131.25
284,1,2135.46,237.27333333333334,1,2135.46
61,10,2598.62,12.9931,0,2598.62
24,9,2121.43,22.098229166666666,0,2121.43
225,1,190.75,9.5375,1,190.75
10,3,431.11,22.69,0,431.11
52,1,651.4,16.285,0,651.4
242,1,2622.481,58.27735555555556,1,2622.481
71,1,193.25,16.104166666666668,0,193.25
58,1,63.66,10.61,0,63.66
18,5,1496.6,17.20229885057471,0,1496.6
2,14,5902.2,9.473836276083468,0,5902.2
47,2,232.96,10.58909090909091,0,232.96
72,6,3543.63,13.272022471910113,0,3543.63
52,3,1352.04,33.801,0,1352.04
358,1,424.3,13.259375,1,424.3
175,3,240.21000000000004,26.690000000000005,1,240.21000000000004
59,3,906.3,56.64375,0,906.3
16,2,689.1,16.807317073170733,0,689.1
14,3,2303.33,17.449469696969697,0,2303.33
70,3,833.41,4.209141414141414,0,833.41
187,1,347.49,15.108260869565218,1,347.49
75,1,110.03999999999999,12.226666666666667,0,110.03999999999999
29,1,502.52,16.210322580645162,0,502.52
14,3,1912.65,19.1265,0,1912.65
269,1,143.85999999999999,6.254782608695652,1,143.85999999999999
149,1,95.15,4.136956521739131,1,95.15
22,6,1778.79,15.882053571428571,0,1778.79
208,1,611.08,5.008852459016394,1,611.08
212,8,4619.79,23.69123076923077,1,4619.79
78,1,212.1,16.315384615384616,0,212.1
94,8,509.5,63.6875,1,509.5
101,7,6951.49,40.18202312138728,1,6951.49
19,4,3386.33,26.25062015503876,0,3386.33
374,1,141.0,141.0,1,141.0
324,2,148.22,16.468888888888888,1,148.22
100,2,843.17,17.566041666666667,1,843.17
7,6,2543.19,20.184047619047618,0,2543.19
28,1,220.32,4.32,0,220.32
106,2,742.36,37.118,1,742.36
16,4,1290.03,17.2004,0,1290.03
37,1,240.5,16.033333333333335,0,240.5
89,2,423.85,12.466176470588236,0,423.85
38,1,89.5,89.5,0,89.5
31,1,115.66,8.26142857142857,0,115.66
231,1,163.1,8.155,1,163.1
66,1,273.48,27.348000000000003,0,273.48
71,1,975.5,18.064814814814813,0,975.5
2,8,2335.4,9.937872340425532,0,2335.4
4,25,7256.24,10.608538011695906,0,7256.24
1,6,1576.6100000000001,16.95279569892473,0,1576.6100000000001
54,3,915.28,12.368648648648648,0,915.28
59,1,474.03,24.948947368421052,0,474.03
86,1,426.53000000000003,15.797407407407409,0,426.53000000000003
65,6,1407.61,11.443983739837398,0,1407.61
33,6,2206.9700000000003,15.542042253521128,0,2206.9700000000003
9,5,1357.56,17.63064935064935,0,1357.56
66,2,624.4300000000001,9.319850746268658,0,624.4300000000001
59,7,1295.25,21.953389830508474,0,1295.25
23,2,154.5,25.75,0,154.5
136,3,396.39,9.909749999999999,1,396.39
23,2,763.08,19.077,0,763.08
357,1,498.5,21.67391304347826,1,498.5
29,6,2832.56,6.8419323671497585,0,2832.56
8,3,1570.16,7.890251256281408,0,1570.16
8,54,38683.02,103.70782841823055,0,38683.02
212,1,135.6,9.685714285714285,1,135.6
4,1,427.74,7.1290000000000004,0,427.74
31,1,1384.88,10.108613138686133,0,1384.88
19,18,13980.83,34.77818407960199,0,13980.83
26,24,10974.23,22.958640167364017,0,10974.23
170,1,150.55,25.09166666666667,1,150.55
136,6,2310.38,22.21519230769231,1,2310.38
15,3,733.71,7.123398058252428,0,733.71
54,1,296.1,12.873913043478263,0,296.1
58,1,561.49,10.397962962962962,0,561.49
245,1,101.36,14.48,1,101.36
28,2,1012.22,38.931538461538466,0,1012.22
33,4,487.5,24.375,0,487.5
270,1,298.9,13.586363636363636,1,298.9
165,1,219.35,14.623333333333333,1,219.35
84,4,2174.07,19.239557522123896,0,2174.07
2,7,4323.97,40.03675925925926,0,4323.97
22,3,1711.6599999999999,16.147735849056602,0,1711.6599999999999
127,1,590.78,45.44461538461538,1,590.78
201,1,629.4,15.735,1,629.4
372,1,228.3,32.614285714285714,1,228.3
214,1,320.95,15.283333333333333,1,320.95
70,2,2605.62,24.35158878504673,0,2605.62
57,1,412.08,58.86857142857143,0,412.08
203,2,882.5999999999999,51.917647058823526,1,882.5999999999999
73,1,3138.04,33.032,0,3138.04
205,1,87.8,17.56,1,87.8
59,1,123.66,15.4575,0,123.66
135,4,313.91999999999996,52.31999999999999,1,313.91999999999996
57,1,376.92,14.496923076923078,0,376.92
212,2,324.19,20.261875,1,324.19
30,1,1248.42,40.27161290322581,0,1248.42
31,4,1040.85,35.891379310344824,0,1040.85
72,1,149.75,21.392857142857142,0,149.75
327,5,6798.72,271.9488,1,6798.72
49,4,1161.2,15.08051948051948,0,1161.2
175,1,359.35,27.642307692307693,1,359.35
37,1,137.7,15.299999999999999,0,137.7
71,4,1895.19,16.62447368421053,0,1895.19
23,1,785.39,13.311694915254238,0,785.39
266,1,318.06,22.71857142857143,1,318.06
17,7,4191.92,20.057033492822967,0,4191.92
45,3,960.68,4.0706779661016945,0,960.68
240,3,1006.54,35.94785714285714,1,1006.54
264,1,224.81,4.587959183673469,1,224.81
49,1,366.4,21.552941176470586,0,366.4
45,1,533.78,15.250857142857143,0,533.78
305,1,120.6,15.075,1,120.6
18,12,4905.35,22.196153846153848,0,4905.35
19,24,11368.74,21.05322222222222,0,11368.74
213,1,88.5,88.5,1,88.5
115,7,1890.0,17.339449541284402,1,1890.0
33,1,470.72999999999996,11.207857142857142,0,470.72999999999996
38,3,1370.05,20.758333333333333,0,1370.05
24,2,560.39,14.747105263157895,0,560.39
4,11,2740.92,8.10923076923077,0,2740.92
33,3,1348.33,6.15675799086758,0,1348.33
212,1,552.4,13.473170731707317,1,552.4
24,7,1634.83,7.016437768240343,0,1634.83
14,6,2265.2,90.60799999999999,0,2265.2
93,2,318.29,14.467727272727274,1,318.29
171,4,1646.6399999999999,16.632727272727273,1,1646.6399999999999
57,9,97.39999999999999,6.957142857142856,0,97.39999999999999
56,6,1771.04,23.00051948051948,0,1771.04
21,1,100.91000000000001,12.613750000000001,0,100.91000000000001
187,1,1680.47,6.77608870967742,1,1680.47
61,4,1766.27,18.398645833333333,0,1766.27
85,2,1504.7,27.864814814814817,0,1504.7
91,1,221.65,6.9265625,1,221.65
172,1,77.83,3.7061904761904763,1,77.83
3,27,14201.53,33.10379953379954,0,14201.53
4,3,1475.77,15.372604166666667,0,1475.77
74,4,2049.23,21.126082474226806,0,2049.23
7,17,4038.45,6.072857142857143,0,4038.45
367,1,966.6600000000001,16.958947368421054,1,966.6600000000001
262,1,10953.5,10953.5,1,10953.5
58,4,987.48,17.95418181818182,0,987.48
61,5,2034.31,5.558224043715847,0,2034.31
15,11,4101.68,16.148346456692913,0,4101.68
19,13,1405.83,27.565294117647056,0,1405.83
277,1,219.87,9.559565217391304,1,219.87
5,13,4820.59,42.66008849557522,0,4820.59
9,6,863.51,30.839642857142856,0,863.51
141,1,180.75,16.431818181818183,1,180.75
3,8,2018.4,8.700000000000001,0,2018.4
4,12,19726.76,303.48861538461534,0,19726.76
71,21,7304.8,29.937704918032786,0,7304.8
40,11,6096.2,7.5354758961681085,0,6096.2
36,5,540.35,15.438571428571429,0,540.35
15,7,2276.4900000000002,9.446016597510374,0,2276.4900000000002
30,2,230.85999999999999,4.275185185185185,0,230.85999999999999
213,3,636.65,4.1611111111111105,1,636.65
36,4,1103.61,3.33416918429003,0,1103.61
224,1,340.5,30.954545454545453,1,340.5
113,1,321.59999999999997,40.199999999999996,1,321.59999999999997
31,6,3166.54,6.148621359223301,0,3166.54
8,6,2342.57,19.3600826446281,0,2342.57
22,7,3423.42,10.342658610271904,0,3423.42
40,4,1269.05,22.264035087719297,0,1269.05
59,1,132.8,14.755555555555556,0,132.8
31,2,489.86,15.801935483870968,0,489.86
162,3,270.15000000000003,90.05000000000001,1,270.15000000000003
9,9,2715.35,9.051166666666667,0,2715.35
16,1,326.74,21.782666666666668,0,326.74
14,1,462.09999999999997,7.109230769230769,0,462.09999999999997
44,4,705.45,18.564473684210526,0,705.45
64,10,3238.85,32.715656565656566,0,3238.85
87,1,124.75,24.95,0,124.75
257,2,468.88,14.6525,1,468.88
31,2,401.15,5.730714285714285,0,401.15
16,4,951.51,21.144666666666666,0,951.51
15,2,2312.7,22.453398058252425,0,2312.7
53,7,3264.23,14.254279475982532,0,3264.23
135,1,289.7,13.168181818181818,1,289.7
172,1,339.88,17.88842105263158,1,339.88
22,2,271.44,5.4288,0,271.44
112,3,333.18,22.212,1,333.18
38,1,314.74,26.228333333333335,0,314.74
203,1,206.19,18.744545454545456,1,206.19
73,1,132.24,5.086153846153847,0,132.24
17,5,550.5699999999999,14.880270270270268,0,550.5699999999999
8,3,811.1,15.903921568627451,0,811.1
1,31,12685.94,16.07850443599493,0,12685.94
113,1,52.05,17.349999999999998,1,52.05
121,2,406.4,15.05185185185185,1,406.4
310,1,485.5,20.229166666666668,1,485.5
71,10,5110.46,19.068880597014925,0,5110.46
25,1,262.4,6.247619047619047,0,262.4
7,6,1633.94,7.4951376146788995,0,1633.94
61,1,948.93,36.49730769230769,0,948.93
24,4,2078.54,11.61195530726257,0,2078.54
295,1,307.3,18.076470588235296,1,307.3
86,3,5646.400000000001,24.443290043290045,0,5646.400000000001
17,5,1635.64,18.17377777777778,0,1635.64
51,1,331.14,15.05181818181818,0,331.14
145,2,2481.06,25.577938144329895,1,2481.06
10,11,4939.24,48.42392156862745,0,4939.24
136,1,1071.82,21.4364,1,1071.82
227,2,400.95,9.779268292682927,1,400.95
1,6,950.61,7.041555555555556,0,950.61
12,8,1316.56,6.181032863849765,0,1316.56
19,3,1373.2,4.886832740213523,0,1373.2
18,4,1211.75,57.70238095238095,0,1211.75
1,16,11086.14,36.5879207920792,0,11086.14
2,29,7789.63,5.834928838951311,0,7789.63
213,1,246.54,16.436,1,246.54
280,1,70.0,14.0,1,70.0
3,16,40519.92,964.76,0,40519.92
24,24,6174.47,35.89808139534884,0,6174.47
84,3,934.19,17.96519230769231,0,934.19
17,3,1253.18,17.166849315068493,0,1253.18
99,1,104.10000000000001,20.82,1,104.10000000000001
301,1,247.5,13.026315789473685,1,247.5
80,1,192.02,14.77076923076923,0,192.02
228,2,650.99,16.27475,1,650.99
56,4,12346.619999999999,79.6556129032258,0,12346.619999999999
56,4,1226.09,18.030735294117648,0,1226.09
15,12,3965.29,24.62913043478261,0,3965.29
31,1,236.81,7.176060606060606,0,236.81
114,3,2480.82,9.767007874015748,1,2480.82
171,1,98.7,16.45,1,98.7
4,18,2355.44,6.453260273972603,0,2355.44
21,12,5279.83,18.206310344827585,0,5279.83
36,4,551.11,8.350151515151515,0,551.11
9,7,496.26000000000005,20.677500000000002,0,496.26000000000005
290,1,124.75,6.565789473684211,1,124.75
12,4,1217.6,17.6463768115942,0,1217.6
45,1,389.18,13.42,0,389.18
106,3,584.25,17.183823529411764,1,584.25
16,5,1818.71,8.619478672985782,0,1818.71
4,5,972.28,20.25583333333333,0,972.28
53,2,924.11,7.637272727272728,0,924.11
88,2,550.42,14.484736842105262,0,550.42
10,4,579.17,3.4474404761904758,0,579.17
9,5,1320.1,42.58387096774193,0,1320.1
2,3,3078.65,21.232068965517243,0,3078.65
8,3,913.9000000000001,16.033333333333335,0,913.9000000000001
2,5,1254.72,18.451764705882354,0,1254.72
4,2,230.85,4.1223214285714285,0,230.85
214,1,214.70999999999998,15.33642857142857,1,214.70999999999998
80,2,506.63,12.66575,0,506.63
43,6,2177.39,17.144803149606297,0,2177.39
72,1,162.0,14.727272727272727,0,162.0
226,2,1463.8,6.202542372881355,1,1463.8
11,7,2617.33,19.679172932330825,0,2617.33
81,8,21964.14,238.74065217391305,0,21964.14
59,6,1909.31,18.012358490566037,0,1909.31
52,4,2094.23,32.218923076923076,0,2094.23
15,4,732.91,18.792564102564103,0,732.91
368,1,485.31,23.11,1,485.31
122,2,1544.79,24.915967741935482,1,1544.79
264,1,127.88,11.625454545454545,1,127.88
217,1,183.09,3.736530612244898,1,183.09
113,3,1556.75,15.724747474747474,1,1556.75
72,2,192.73,12.848666666666666,0,192.73
14,2,205.99,15.845384615384615,0,205.99
30,3,980.7,37.71923076923077,0,980.7
12,7,946.83,16.047966101694914,0,946.83
99,3,1103.64,35.601290322580645,1,1103.64
106,2,555.87,17.931290322580644,1,555.87
8,20,7377.46,22.982741433021808,0,7377.46
284,1,174.05,4.047674418604651,1,174.05
44,5,734.57,11.659841269841271,0,734.57
87,3,798.3299999999999,9.392117647058823,0,798.3299999999999
26,5,2746.91,11.25782786885246,0,2746.91
157,1,829.25,17.643617021276597,1,829.25
16,2,816.56,24.744242424242422,0,816.56
70,3,1393.42,16.01632183908046,0,1393.42
359,2,139.1,6.623809523809523,1,139.1
22,2,312.62,7.105,0,312.62
133,46,14556.97,13.032202327663384,1,14556.97
190,3,848.71,4.905838150289018,1,848.71
56,4,3517.69,51.73073529411765,0,3517.69
92,2,636.25,5.1727642276422765,1,636.25
18,2,816.85,18.996511627906976,0,816.85
36,1,69.6,69.6,0,69.6
71,4,976.8100000000001,22.71651162790698,0,976.8100000000001
2,12,4331.711,12.133644257703082,0,4331.711
24,9,2621.76,10.006717557251909,0,2621.76
217,1,131.15,26.23,1,131.15
189,2,958.5,8.482300884955752,1,958.5
126,4,4194.82,56.68675675675675,1,4194.82
9,10,2095.41,4.828133640552995,0,2095.41
239,1,325.24,19.131764705882354,1,325.24
52,2,293.18,18.32375,0,293.18
9,10,3138.2400000000002,17.830909090909092,0,3138.2400000000002
29,2,428.06,14.760689655172413,0,428.06
282,1,426.69,42.669,1,426.69
43,5,644.52,4.739117647058824,0,644.52
92,5,1810.27,12.484620689655172,1,1810.27
36,7,1449.6200000000001,4.015567867036012,0,1449.6200000000001
67,1,165.0,165.0,0,165.0
303,1,55.5,13.875,1,55.5
361,1,31.929999999999996,7.982499999999999,1,31.929999999999996
36,5,1570.81,14.818962264150944,0,1570.81
53,8,4501.63,18.9942194092827,0,4501.63
24,2,856.85,16.800980392156863,0,856.85
325,1,310.26,14.102727272727272,1,310.26
49,3,2201.91,44.038199999999996,0,2201.91
66,3,1279.55,20.63790322580645,0,1279.55
334,1,327.6,25.200000000000003,1,327.6
15,6,906.15,23.234615384615385,0,906.15
17,2,1385.38,17.991948051948054,0,1385.38
58,7,1460.95,5.217678571428571,0,1460.95
8,3,521.64,12.42,0,521.64
16,12,7587.2,47.71823899371069,0,7587.2
7,6,3285.05,29.33080357142857,0,3285.05
204,1,943.97,18.509215686274512,1,943.97
32,3,1380.9099999999999,21.24476923076923,0,1380.9099999999999
155,1,304.97,25.41416666666667,1,304.97
254,1,128.59,8.036875,1,128.59
47,3,1773.11,10.308779069767441,0,1773.11
11,5,3358.34,11.742447552447553,0,3358.34
147,2,1412.85,21.40681818181818,1,1412.85
145,3,741.3199999999999,16.848181818181818,1,741.3199999999999
44,1,105.80000000000001,15.114285714285716,0,105.80000000000001
80,1,113.67,2.84175,0,113.67
331,1,332.7,30.245454545454546,1,332.7
205,1,554.31,6.928875,1,554.31
18,2,309.49,10.672068965517242,0,309.49
29,2,689.11,26.50423076923077,0,689.11
3,7,1766.78,22.364303797468356,0,1766.78
54,2,423.27,11.439729729729729,0,423.27
95,1,114.98,3.832666666666667,1,114.98
50,2,422.8,24.870588235294118,0,422.8
309,1,104.7,17.45,1,104.7
65,1,30.0,15.0,0,30.0
21,3,853.65,16.738235294117647,0,853.65
187,1,415.31,16.6124,1,415.31
2,5,1378.16,16.025116279069767,0,1378.16
29,15,10405.03,31.722652439024394,0,10405.03
183,2,713.03,15.500652173913043,1,713.03
33,1,339.34,21.20875,0,339.34
25,2,400.06,16.0024,0,400.06
72,3,332.42,47.48857142857143,0,332.42
19,1,233.84,15.589333333333334,0,233.84
318,3,579.49,7.4293589743589745,1,579.49
295,1,37.5,37.5,1,37.5
362,1,228.34,12.685555555555556,1,228.34
60,2,1797.92,21.152,0,1797.92
18,12,4526.06,24.333655913978497,0,4526.06
310,2,565.9,20.95925925925926,1,565.9
68,4,1931.03,18.747864077669902,0,1931.03
14,2,1755.24,17.5524,0,1755.24
368,1,293.35,13.96904761904762,1,293.35
242,1,303.63,15.980526315789474,1,303.63
220,1,1126.0,563.0,1,1126.0
155,4,376.70000000000005,34.24545454545455,1,376.70000000000005
254,1,389.49,17.704090909090908,1,389.49
21,3,1586.54,15.255192307692308,0,1586.54
8,10,2946.42,22.321363636363635,0,2946.42
366,1,308.0,20.533333333333335,1,308.0
23,4,1405.5,25.554545454545455,0,1405.5
45,1,138.84,3.7524324324324327,0,138.84
47,3,1893.93,17.867264150943395,0,1893.93
29,6,1773.57,9.285706806282722,0,1773.57
56,15,8207.37,120.69661764705883,0,8207.37
65,1,141.70000000000002,11.808333333333335,0,141.70000000000002
32,1,212.78,3.9403703703703705,0,212.78
78,3,881.59,16.95365384615385,0,881.59
95,3,3857.85,275.56071428571425,1,3857.85
28,5,1031.3,17.47966101694915,0,1031.3
120,1,150.95,18.86875,1,150.95
259,1,285.84000000000003,21.98769230769231,1,285.84000000000003
18,2,1033.8,25.845,0,1033.8
162,1,109.73,13.71625,1,109.73
18,7,1637.33,22.12608108108108,0,1637.33
10,78,248396.5,140.09954878736605,0,248396.5
2,10,3526.81,75.03851063829786,0,3526.81
2,19,12723.18,27.71934640522876,0,12723.18
18,15,11123.35,61.79638888888889,0,11123.35
12,2,402.51,8.385625,0,402.51
2,3,1108.47,4.948526785714286,0,1108.47
176,5,1529.49,9.741974522292994,1,1529.49
109,6,1060.7,3.0392550143266477,1,1060.7
255,1,156.87,3.82609756097561,1,156.87
99,2,236.06,18.158461538461538,1,236.06
273,1,405.0,67.5,1,405.0
114,1,296.36,29.636000000000003,1,296.36
129,2,363.40000000000003,30.283333333333335,1,363.40000000000003
305,1,314.1,34.900000000000006,1,314.1
16,2,611.5500000000001,17.986764705882354,0,611.5500000000001
220,1,426.85,21.3425,1,426.85
9,9,5701.5,15.706611570247935,0,5701.5
66,1,312.68,14.88952380952381,0,312.68
253,1,266.93,17.795333333333335,1,266.93
68,1,1914.8,16.650434782608695,0,1914.8
82,4,2262.52,14.319746835443038,0,2262.52
4,16,5656.43,9.15279935275081,0,5656.43
16,5,1170.33,7.407151898734177,0,1170.33
208,1,237.78,6.096923076923077,1,237.78
49,4,2122.89,19.299,0,2122.89
77,3,631.17,8.76625,0,631.17
22,18,5994.94,14.586228710462287,0,5994.94
5,6,1729.43,10.418253012048194,0,1729.43
63,2,568.92,63.21333333333333,0,568.92
26,2,899.3,20.91395348837209,0,899.3
260,3,774.62,22.132,1,774.62
71,2,433.36,24.075555555555557,0,433.36
44,1,200.26,11.78,0,200.26
1,7,1623.65,6.654303278688525,0,1623.65
53,2,2190.66,75.53999999999999,0,2190.66
11,3,1676.95,18.031720430107526,0,1676.95
12,23,6324.76,7.808345679012346,0,6324.76
15,10,6191.32,9.227004470938896,0,6191.32
56,2,612.76,21.884285714285713,0,612.76
371,1,439.46,8.291698113207547,1,439.46
26,3,772.83,17.97279069767442,0,772.83
23,3,668.97,17.60447368421053,0,668.97
11,6,1820.83,6.151452702702702,0,1820.83
278,2,469.13,18.04346153846154,1,469.13
141,1,79.9,79.9,1,79.9
66,2,1920.71,49.24897435897436,0,1920.71
33,12,3028.93,10.373047945205478,0,3028.93
155,3,260.7,16.29375,1,260.7
163,4,1398.61,18.900135135135134,1,1398.61
84,2,613.08,15.327000000000002,0,613.08
29,4,1687.49,21.63448717948718,0,1687.49
71,1,610.6,15.656410256410258,0,610.6
10,10,3152.54,19.827295597484277,0,3152.54
280,1,299.83,17.63705882352941,1,299.83
220,1,728.84,22.086060606060606,1,728.84
313,1,91.14,11.3925,1,91.14
68,3,159.92,3.3316666666666666,0,159.92
103,1,171.15,34.230000000000004,1,171.15
217,1,156.85000000000002,14.259090909090911,1,156.85000000000002
46,1,226.42,20.583636363636362,0,226.42
10,12,2582.38,17.933194444444446,0,2582.38
100,3,275.4,18.36,1,275.4
40,1,104.19999999999999,17.366666666666664,0,104.19999999999999
47,1,530.47,15.602058823529413,0,530.47
148,4,1182.3799999999999,20.74350877192982,1,1182.3799999999999
49,7,2300.78,19.173166666666667,0,2300.78
73,1,212.17,16.32076923076923,0,212.17
162,1,1950.98,45.37162790697675,1,1950.98
65,3,1112.2,16.355882352941176,0,1112.2
1,8,2871.74,29.3034693877551,0,2871.74
262,1,291.5,15.342105263157896,1,291.5
43,4,982.94,17.244561403508772,0,982.94
214,1,304.38,6.917727272727273,1,304.38
42,1,473.0,18.92,0,473.0
316,3,1676.57,20.445975609756097,1,1676.57
66,5,2577.54,16.9575,0,2577.54
311,1,176.1,25.157142857142855,1,176.1
82,3,566.7,18.280645161290323,0,566.7
35,3,893.12,14.40516129032258,0,893.12
46,3,361.94,3.891827956989247,0,361.94
4,2,257.28000000000003,5.59304347826087,0,257.28000000000003
368,1,190.47,3.40125,1,190.47
19,2,313.05,34.78333333333333,0,313.05
82,4,4020.8,10.362886597938145,0,4020.8
1,91,29892.5,5.92752329962324,0,29892.5
30,5,978.4399999999999,10.520860215053762,0,978.4399999999999
3,3,520.03,4.03124031007752,0,520.03
254,1,253.88,12.693999999999999,1,253.88
292,1,293.53,26.684545454545454,1,293.53
8,1,207.5,23.055555555555557,0,207.5
31,1,171.71,7.154583333333334,0,171.71
267,1,248.65,11.84047619047619,1,248.65
156,2,347.4,8.907692307692306,1,347.4
235,1,30.15,5.0249999999999995,1,30.15
3,11,3983.34,14.277204301075269,0,3983.34
7,19,30867.77,23.20884962406015,0,30867.77
276,1,60.0,20.0,1,60.0
37,2,621.5600000000001,7.488674698795181,0,621.5600000000001
56,3,627.3100000000001,7.128522727272728,0,627.3100000000001
361,1,111.0,6.166666666666667,1,111.0
49,3,660.28,4.8549999999999995,0,660.28
8,8,3768.08,9.4202,0,3768.08
109,1,123.5,15.4375,1,123.5
65,2,200.82,22.313333333333333,0,200.82
11,1,102.0,51.0,0,102.0
148,1,128.31,6.4155,1,128.31
21,9,2376.1020000000003,24.751062500000003,0,2376.1020000000003
366,2,252.48000000000002,28.053333333333335,1,252.48000000000002
51,2,291.56,14.578,0,291.56
136,4,1310.3400000000001,17.949863013698632,1,1310.3400000000001
110,7,1939.02,7.344772727272727,1,1939.02
46,1,168.73,15.339090909090908,0,168.73
40,3,704.75,9.396666666666667,0,704.75
14,1,189.47,3.2113559322033898,0,189.47
285,1,368.4,184.2,1,368.4
8,11,6009.34,100.15566666666668,0,6009.34
60,12,3310.4900000000002,19.823293413173655,0,3310.4900000000002
196,3,875.45,33.67115384615385,1,875.45
17,3,596.28,17.036571428571428,0,596.28
9,1,304.04,17.884705882352943,0,304.04
161,1,136.0,136.0,1,136.0
26,1,309.16,14.721904761904764,0,309.16
154,1,14.850000000000001,14.850000000000001,1,14.850000000000001
3,2,339.11,22.607333333333333,0,339.11
40,1,316.56,19.785,0,316.56
17,1,132.65,16.58125,0,132.65
28,5,1320.66,16.50825,0,1320.66
64,4,1482.6,22.46363636363636,0,1482.6
89,2,410.97,5.553648648648649,0,410.97
42,2,101.1,16.849999999999998,0,101.1
5,6,3434.58,12.673726937269372,0,3434.58
32,1,356.8,16.21818181818182,0,356.8
137,3,1687.8,37.50666666666667,1,1687.8
80,2,998.83,49.941500000000005,0,998.83
44,1,317.76,15.888,0,317.76
45,6,4168.46,21.26765306122449,0,4168.46
5,3,629.4,6.110679611650485,0,629.4
36,4,2233.8,446.76000000000005,0,2233.8
72,1,211.79999999999998,23.53333333333333,0,211.79999999999998
368,1,163.77,5.282903225806452,1,163.77
16,1,166.51,5.741724137931034,0,166.51
16,6,1461.63,56.21653846153846,0,1461.63
130,4,1393.56,22.845245901639345,1,1393.56
192,2,644.08,13.144489795918368,1,644.08
18,10,4610.44,9.851367521367521,0,4610.44
75,2,976.99,4.3615625,0,976.99
136,1,24.75,24.75,1,24.75
116,2,551.46,17.233125,1,551.46
227,5,875.99,19.043260869565216,1,875.99
12,8,2651.23,25.011603773584905,0,2651.23
358,1,2.95,2.95,1,2.95
18,4,986.22,12.027073170731708,0,986.22
70,4,2037.02,23.414022988505746,0,2037.02
134,1,94.8,13.542857142857143,1,94.8
164,2,637.75,33.56578947368421,1,637.75
72,4,2581.6,34.42133333333333,0,2581.6
24,7,9384.85,21.47562929061785,0,9384.85
63,2,1020.9000000000001,204.18,0,1020.9000000000001
99,5,1593.34,16.426185567010307,1,1593.34
25,10,3285.96,6.343552123552124,0,3285.96
47,1,552.9,24.039130434782606,0,552.9
254,1,76.23,6.930000000000001,1,76.23
11,1,949.82,22.088837209302326,0,949.82
33,2,1509.5,21.8768115942029,0,1509.5
60,9,2744.42,32.67166666666667,0,2744.42
2,8,1705.55,11.370333333333333,0,1705.55
10,7,2147.73,13.85632258064516,0,2147.73
366,1,233.53000000000003,19.460833333333337,1,233.53000000000003
24,15,3473.8,20.07976878612717,0,3473.8
8,3,77.52000000000001,15.504000000000001,0,77.52000000000001
215,1,175.25,15.931818181818182,1,175.25
24,1,239.45999999999998,13.303333333333333,0,239.45999999999998
12,2,329.55,6.591,0,329.55
18,5,1421.3,52.64074074074074,0,1421.3
3,7,1572.97,18.95144578313253,0,1572.97
261,1,173.06,15.732727272727272,1,173.06
220,1,539.25,19.258928571428573,1,539.25
74,5,3354.0,145.82608695652175,0,3354.0
81,3,960.23,5.247158469945355,0,960.23
264,2,428.34,8.741632653061224,1,428.34
101,2,327.02,4.88089552238806,1,327.02
177,1,114.85,9.570833333333333,1,114.85
123,2,778.19,14.410925925925927,1,778.19
15,22,3876.2599999999998,30.76396825396825,0,3876.2599999999998
144,1,152.45,38.1125,1,152.45
56,1,144.29,4.97551724137931,0,144.29
198,3,3395.29,46.510821917808215,1,3395.29
57,1,1533.8899999999999,61.355599999999995,0,1533.8899999999999
19,1,330.35,20.646875,0,330.35
24,2,702.9,6.220353982300884,0,702.9
4,8,2739.59,5.7193945720250525,0,2739.59
36,12,3180.28,17.766927374301677,0,3180.28
10,4,1347.54,21.38952380952381,0,1347.54
51,1,630.77,15.384634146341464,0,630.77
26,2,500.72,4.470714285714286,0,500.72
38,3,804.82,9.581190476190477,0,804.82
169,1,582.17,14.55425,1,582.17
17,6,817.09,37.140454545454546,0,817.09
8,1,35.400000000000006,35.400000000000006,0,35.400000000000006
12,3,526.27,13.849210526315789,0,526.27
289,1,186.05,14.311538461538463,1,186.05
25,9,2008.09,3.8542994241842607,0,2008.09
22,4,2225.94,15.040135135135136,0,2225.94
11,1,266.78000000000003,7.020526315789475,0,266.78000000000003
40,2,556.1899999999999,5.19803738317757,0,556.1899999999999
148,3,1011.5699999999999,8.028333333333332,1,1011.5699999999999
11,9,1503.77,19.279102564102566,0,1503.77
143,1,135.0,27.0,1,135.0
21,3,890.8100000000001,16.196545454545454,0,890.8100000000001
1,18,12992.33,51.150905511811025,0,12992.33
172,2,449.49,17.9796,1,449.49
17,4,385.46000000000004,15.418400000000002,0,385.46000000000004
280,1,594.0,594.0,1,594.0
182,2,787.99,16.08142857142857,1,787.99
21,6,628.39,3.1108415841584156,0,628.39
371,1,160.39,11.456428571428571,1,160.39
56,1,124.45,3.5557142857142856,0,124.45
29,14,4202.66,18.67848888888889,0,4202.66
113,2,600.34,21.440714285714286,1,600.34
19,1,114.52,4.7716666666666665,0,114.52
117,3,258.93,17.262,1,258.93
1,144,22879.66,8.689578427649069,0,22879.66
54,5,1059.14,12.03568181818182,0,1059.14
36,1,165.45000000000002,16.545,0,165.45000000000002
36,1,92.6,15.433333333333332,0,92.6
243,1,86.10000000000001,21.525000000000002,1,86.10000000000001
30,9,3132.96,18.429176470588235,0,3132.96
32,2,406.3,13.543333333333333,0,406.3
2,23,11555.19,63.84082872928177,0,11555.19
38,4,830.16,7.4121428571428565,0,830.16
89,3,453.93,32.42357142857143,0,453.93
89,2,890.94,34.26692307692308,0,890.94
14,3,1612.56,16.45469387755102,0,1612.56
7,43,28658.66,27.716305609284333,0,28658.66
3,6,2398.93,7.404104938271605,0,2398.93
297,1,342.4,19.022222222222222,1,342.4
10,4,470.16,15.672,0,470.16
98,2,246.5,20.541666666666668,1,246.5
211,1,63.419999999999995,15.854999999999999,1,63.419999999999995
120,7,1974.69,18.116422018348626,1,1974.69
56,1,532.5,28.026315789473685,0,532.5
1,7,1212.13,17.07225352112676,0,1212.13
315,1,664.001,15.441883720930232,1,664.001
66,2,490.6,7.214705882352941,0,490.6
135,3,767.91,17.4525,1,767.91
255,1,104.5,5.225,1,104.5
18,2,529.15,12.90609756097561,0,529.15
3,8,2605.81,24.12787037037037,0,2605.81
29,3,966.03,19.714897959183673,0,966.03
18,2,338.76,6.049285714285714,0,338.76
57,2,475.05,16.96607142857143,0,475.05
11,2,592.61,7.501392405063291,0,592.61
2,6,1874.68,18.56118811881188,0,1874.68
94,1,357.4,7.445833333333333,1,357.4
14,2,434.75,4.997126436781609,0,434.75
9,2,671.34,15.257727272727273,0,671.34
302,1,79.9,79.9,1,79.9
11,7,2604.46,8.888941979522185,0,2604.46
33,3,1931.35,16.22983193277311,0,1931.35
100,4,390.56,5.424444444444444,1,390.56
92,7,2015.17,10.952010869565218,1,2015.17
10,16,21659.69,55.82394329896907,0,21659.69
5,7,2485.89,20.376147540983606,0,2485.89
1,26,17832.77,34.559631782945736,0,17832.77
29,2,1151.04,191.84,0,1151.04
23,2,1572.99,17.874886363636364,0,1572.99
21,1,266.8,6.841025641025642,0,266.8
93,1,519.45,19.978846153846156,1,519.45
21,12,2744.14,16.047602339181285,0,2744.14
39,4,1046.84,32.71375,0,1046.84
29,9,3970.0,22.303370786516854,0,3970.0
51,3,415.57,14.841785714285715,0,415.57
1,7,1788.8,105.2235294117647,0,1788.8
3,7,1370.65,8.306969696969697,0,1370.65
201,2,445.15,18.547916666666666,1,445.15
179,1,305.28000000000003,305.28000000000003,1,305.28000000000003
9,4,485.6,17.985185185185188,0,485.6
22,2,338.56,4.0304761904761905,0,338.56
45,1,251.04,16.736,0,251.04
51,1,389.12,19.456,0,389.12
123,4,1542.09,154.209,1,1542.09
88,5,1485.36,27.006545454545453,0,1485.36
1,10,3141.4,20.3987012987013,0,3141.4
173,1,134.36,19.194285714285716,1,134.36
134,1,603.25,16.756944444444443,1,603.25
110,6,903.87,15.0645,1,903.87
26,12,3038.4500000000003,53.3061403508772,0,3038.4500000000003
39,3,3783.89,19.605647668393782,0,3783.89
148,3,918.45,3.6446428571428573,1,918.45
144,4,6701.640000000001,239.34428571428575,1,6701.640000000001
54,1,280.88,17.555,0,280.88
66,10,1978.68,12.065121951219513,0,1978.68
86,5,3377.78,10.425246913580247,0,3377.78
22,23,9030.65,16.155008944543827,0,9030.65
313,1,281.05,14.792105263157895,1,281.05
14,7,6211.42,16.217806788511748,0,6211.42
65,2,612.65,6.883707865168539,0,612.65
23,4,1236.33,14.545058823529411,0,1236.33
33,2,739.2,43.48235294117647,0,739.2
2,32,22638.52,31.39877947295423,0,22638.52
86,4,799.13,22.832285714285714,0,799.13
1,2,119.0,23.8,0,119.0
24,1,462.08,21.003636363636364,0,462.08
86,1,309.91,16.31105263157895,0,309.91
81,9,3015.55,17.634795321637426,0,3015.55
213,2,515.1899999999999,12.56560975609756,1,515.1899999999999
241,1,324.51,7.211333333333333,1,324.51
60,1,141.12,11.76,0,141.12
25,3,1491.4,24.05483870967742,0,1491.4
10,6,2026.28,17.61982608695652,0,2026.28
183,3,173.95,15.813636363636363,1,173.95
85,3,867.6,16.369811320754717,0,867.6
219,1,301.9,16.772222222222222,1,301.9
220,1,405.1,17.61304347826087,1,405.1
64,2,2193.56,20.12440366972477,0,2193.56
66,1,328.77,10.605483870967742,0,328.77
8,4,4819.32,69.84521739130435,0,4819.32
222,1,136.2,22.7,1,136.2
156,2,191.86,63.95333333333334,1,191.86
198,1,203.05,50.7625,1,203.05
14,6,818.06,7.175964912280701,0,818.06
32,4,1699.35,35.403124999999996,0,1699.35
302,1,380.0,16.52173913043478,1,380.0
18,2,824.48,41.224000000000004,0,824.48
30,5,951.76,19.828333333333333,0,951.76
368,1,34.0,34.0,1,34.0
21,2,1185.18,30.38923076923077,0,1185.18
33,7,1747.18,17.4718,0,1747.18
50,5,3777.2,31.476666666666667,0,3777.2
5,2,279.91,15.550555555555556,0,279.91
112,2,442.0,23.263157894736842,1,442.0
317,1,188.44,15.703333333333333,1,188.44
80,1,107.0,53.5,0,107.0
39,6,2242.81,21.565480769230767,0,2242.81
231,4,784.08,27.037241379310345,1,784.08
24,2,300.08,20.005333333333333,0,300.08
37,1,204.62,51.155,0,204.62
39,1,603.75,18.295454545454547,0,603.75
68,2,316.25,7.354651162790698,0,316.25
11,2,727.85,23.479032258064517,0,727.85
73,2,719.82,22.494375,0,719.82
305,1,128.2,3.3736842105263154,1,128.2
233,2,1130.21,29.742368421052632,1,1130.21
169,1,320.25,17.791666666666668,1,320.25
123,2,1139.28,51.78545454545454,1,1139.28
296,1,427.0,35.583333333333336,1,427.0
211,1,516.8,16.15,1,516.8
73,1,629.36,34.964444444444446,0,629.36
14,13,5048.66,17.652657342657342,0,5048.66
29,2,4511.76,644.5371428571428,0,4511.76
17,1,186.3,16.936363636363637,0,186.3
30,3,739.1,28.426923076923078,0,739.1
239,2,139.85,15.538888888888888,1,139.85
12,2,640.24,4.887328244274809,0,640.24
200,1,124.25,20.708333333333332,1,124.25
7,9,2204.29,11.724946808510639,0,2204.29
95,2,730.37,18.727435897435896,1,730.37
4,8,2182.88,8.983045267489713,0,2182.88
312,2,392.44,13.532413793103448,1,392.44
4,35,15500.53,13.047584175084175,0,15500.53
7,1,89.14,12.734285714285715,0,89.14
5,6,2478.94,15.99316129032258,0,2478.94
10,17,5600.45,21.70717054263566,0,5600.45
101,2,182.59,10.740588235294117,1,182.59
261,1,313.49,17.41611111111111,1,313.49
337,1,140.22000000000003,17.527500000000003,1,140.22000000000003
142,3,834.38,18.13869565217391,1,834.38
1,26,8158.51,4.818966331955109,0,8158.51
53,6,1468.26,8.157,0,1468.26
91,2,260.38,15.316470588235294,1,260.38
98,6,299.4,49.9,1,299.4
12,1,107.86,2.344782608695652,0,107.86
291,1,230.4,19.2,1,230.4
4,5,1285.97,6.242572815533981,0,1285.97
16,9,1254.94,15.68675,0,1254.94
374,2,1182.0,26.863636363636363,1,1182.0
2,3,474.72,6.086153846153847,0,474.72
92,6,1970.45,9.294575471698113,1,1970.45
92,1,134.0,16.75,1,134.0
140,3,770.08,19.745641025641028,1,770.08
117,2,422.85999999999996,10.571499999999999,1,422.85999999999996
14,3,1051.71,29.214166666666667,0,1051.71
51,2,488.5,32.56666666666667,0,488.5
212,1,637.2,18.741176470588236,1,637.2
269,1,500.24,166.74666666666667,1,500.24
79,2,860.08,22.633684210526315,0,860.08
14,3,985.14,13.1352,0,985.14
366,1,338.13,10.246363636363636,1,338.13
115,1,187.51999999999998,14.424615384615382,1,187.51999999999998
32,1,440.93,4.792717391304348,0,440.93
18,3,795.47,10.198333333333334,0,795.47
11,1,416.35,8.673958333333333,0,416.35
28,1,202.0,3.8846153846153846,0,202.0
32,3,508.52,7.16225352112676,0,508.52
43,4,1516.65,56.172222222222224,0,1516.65
170,2,534.99,16.7184375,1,534.99
25,1,261.06,18.647142857142857,0,261.06
36,5,1982.09,4.980125628140703,0,1982.09
23,12,7516.31,24.724703947368422,0,7516.31
47,1,199.13,5.240263157894737,0,199.13
54,4,2240.47,21.337809523809522,0,2240.47
85,4,741.09,23.906129032258065,0,741.09
17,5,1615.39,18.356704545454548,0,1615.39
31,4,3475.7200000000003,34.757200000000005,0,3475.7200000000003
5,7,1274.3600000000001,4.276375838926175,0,1274.3600000000001
2,6,4892.68,31.770649350649354,0,4892.68
85,4,536.61,6.544024390243902,0,536.61
26,1,157.63,19.70375,0,157.63
80,1,1013.58,29.811176470588236,0,1013.58
2,14,5013.96,30.760490797546012,0,5013.96
24,7,2106.8,84.272,0,2106.8
322,1,256.6,17.10666666666667,1,256.6
66,4,1248.09,19.81095238095238,0,1248.09
187,1,286.71,15.089999999999998,1,286.71
35,3,1624.84,17.471397849462363,0,1624.84
162,3,2941.2,26.260714285714283,1,2941.2
103,6,2761.2200000000003,19.04289655172414,1,2761.2200000000003
235,1,1047.0,174.5,1,1047.0
8,7,1753.85,14.0308,0,1753.85
46,1,133.18,3.2482926829268295,0,133.18
372,1,82.6,13.766666666666666,1,82.6
85,1,295.83,5.10051724137931,0,295.83
72,1,312.93,16.47,0,312.93
1,5,3735.51,49.15144736842105,0,3735.51
3,86,83284.38,142.6102397260274,0,83284.38
33,2,312.05,62.410000000000004,0,312.05
25,2,241.68,21.970909090909092,0,241.68
25,4,694.72,11.578666666666667,0,694.72
105,2,604.4,12.33469387755102,1,604.4
2,5,1332.28,12.934757281553399,0,1332.28
5,40,6848.87,32.45909952606635,0,6848.87
23,2,438.9,18.287499999999998,0,438.9
12,3,385.23,4.187282608695653,0,385.23
67,1,510.20000000000005,25.51,0,510.20000000000005
59,1,124.95,17.85,0,124.95
199,1,426.24,15.222857142857142,1,426.24
184,1,114.95,3.1067567567567567,1,114.95
16,7,1494.6,17.37906976744186,0,1494.6
163,3,919.57,16.13280701754386,1,919.57
339,1,906.23,69.71000000000001,1,906.23
318,1,48.96,48.96,1,48.96
358,1,252.59,12.6295,1,252.59
366,1,327.38,19.25764705882353,1,327.38
42,6,2252.04,13.405,0,2252.04
172,1,463.43,18.5372,1,463.43
61,7,2542.79,17.906971830985917,0,2542.79
12,10,2564.98,18.99985185185185,0,2564.98
227,1,234.75000000000003,33.53571428571429,1,234.75000000000003
3,7,1378.1,5.066544117647059,0,1378.1
4,6,690.83,10.79421875,0,690.83
121,1,136.35000000000002,19.47857142857143,1,136.35000000000002
1,6,2573.7799999999997,18.125211267605632,0,2573.7799999999997
47,3,446.76,21.274285714285714,0,446.76
182,1,477.32,15.397419354838709,1,477.32
2,12,2540.02,13.879890710382513,0,2540.02
15,11,3996.7999999999997,26.294736842105262,0,3996.7999999999997
70,2,1223.1100000000001,17.726231884057974,0,1223.1100000000001
57,4,2052.69,28.509583333333335,0,2052.69
29,8,2534.74,52.80708333333333,0,2534.74
5,4,1180.68,16.398333333333333,0,1180.68
1,69,19283.48,11.152967032967032,0,19283.48
52,6,1133.63,6.441079545454546,0,1133.63
85,3,764.6,7.281904761904762,0,764.6
36,1,314.59,7.672926829268292,0,314.59
15,4,1217.45,110.67727272727274,0,1217.45
8,1,208.97,12.292352941176471,0,208.97
65,1,65.3,13.059999999999999,0,65.3
40,2,402.5,5.75,0,402.5
257,1,139.94,3.998285714285714,1,139.94
14,2,417.05,18.132608695652173,0,417.05
54,2,178.83,16.257272727272728,0,178.83
191,2,395.1,18.814285714285717,1,395.1
47,4,537.59,3.1438011695906436,0,537.59
213,1,266.6,44.43333333333334,1,266.6
45,1,163.65,20.45625,0,163.65
5,16,5990.61,12.480437499999999,0,5990.61
96,2,429.7,214.85,1,429.7
37,3,222.65,17.126923076923077,0,222.65
29,1,259.17,9.25607142857143,0,259.17
126,3,670.98,15.604186046511629,1,670.98
12,3,1314.66,29.21466666666667,0,1314.66
213,2,795.3199999999999,34.579130434782606,1,795.3199999999999
94,1,540.52,28.448421052631577,1,540.52
14,5,1478.7,15.9,0,1478.7
16,2,689.04,5.300307692307692,0,689.04
15,1,1938.4,29.821538461538463,0,1938.4
10,6,7777.84,23.56921212121212,0,7777.84
4,4,1626.61,19.364404761904762,0,1626.61
175,8,1698.56,17.87957894736842,1,1698.56
305,1,334.18,7.110212765957447,1,334.18
96,11,1380.44,10.618769230769232,1,1380.44
63,1,352.9,3.3932692307692305,0,352.9
31,7,2827.05,16.82767857142857,0,2827.05
16,7,3680.16,6.5834704830053665,0,3680.16
75,1,350.85,15.947727272727274,0,350.85
113,2,634.68,70.52,1,634.68
15,11,3640.96,25.64056338028169,0,3640.96
28,5,1009.35,19.04433962264151,0,1009.35
3,2,1323.32,18.63830985915493,0,1323.32
3,1,111.25,22.25,0,111.25
51,4,588.22,15.479473684210527,0,588.22
23,1,245.77,3.321216216216216,0,245.77
93,7,1388.47,17.355875,1,1388.47
4,3,1085.91,43.436400000000006,0,1085.91
46,1,390.05,19.5025,0,390.05
51,3,1148.01,4.803389121338912,0,1148.01
61,2,452.32,6.555362318840579,0,452.32
1,13,5416.349999999999,31.490406976744183,0,5416.349999999999
1,9,4281.05,49.7796511627907,0,4281.05
38,3,1020.47,19.624423076923076,0,1020.47
360,1,377.49,13.981111111111112,1,377.49
374,1,352.85,16.802380952380954,1,352.85
11,1,247.38,15.46125,0,247.38
44,2,1626.08,37.81581395348837,0,1626.08
53,7,1283.5,6.141148325358851,0,1283.5
16,2,337.04,12.963076923076924,0,337.04
186,2,561.25,22.45,1,561.25
32,3,828.5500000000001,19.727380952380955,0,828.5500000000001
17,1,350.99,35.099000000000004,0,350.99
5,10,5367.92,11.849713024282561,0,5367.92
10,1,134.59,3.958529411764706,0,134.59
29,1,221.97,6.1658333333333335,0,221.97
149,5,1666.99,11.187852348993289,1,1666.99
99,2,124.08000000000001,15.510000000000002,1,124.08000000000001
1,23,5434.13,10.510889748549323,0,5434.13
16,2,538.53,10.160943396226415,0,538.53
87,2,639.76,14.54,0,639.76
92,4,340.6,37.84444444444445,1,340.6
10,5,1137.42,17.49876923076923,0,1137.42
364,1,307.54,8.311891891891893,1,307.54
361,1,497.65000000000003,16.053225806451614,1,497.65000000000003
203,3,659.48,20.60875,1,659.48
46,12,5625.461,19.331481099656358,0,5625.461
77,2,619.49,20.64966666666667,0,619.49
10,8,2805.27,20.626985294117645,0,2805.27
12,6,2190.9700000000003,5.905579514824798,0,2190.9700000000003
73,6,2139.0,18.127118644067796,0,2139.0
15,1,462.75,15.956896551724139,0,462.75
273,2,194.7,16.224999999999998,1,194.7
64,2,218.45999999999998,24.27333333333333,0,218.45999999999998
165,1,708.1,20.826470588235296,1,708.1
15,15,10705.8,124.4860465116279,0,10705.8
36,13,8377.32,14.41879518072289,0,8377.32
19,2,722.4499999999999,103.20714285714284,0,722.4499999999999
36,2,465.84000000000003,7.166769230769232,0,465.84000000000003
54,3,1327.98,25.538076923076922,0,1327.98
2,11,4258.2699999999995,21.94984536082474,0,4258.2699999999995
23,3,806.95,47.46764705882353,0,806.95
141,5,2956.56,20.675244755244755,1,2956.56
273,1,110.95,8.534615384615385,1,110.95
15,2,336.59999999999997,42.074999999999996,0,336.59999999999997
186,2,850.86,17.72625,1,850.86
42,4,3448.38,19.157666666666668,0,3448.38
11,10,4698.79,17.08650909090909,0,4698.79
7,1,736.28,23.750967741935483,0,736.28
284,1,40.0,20.0,1,40.0
30,3,514.54,8.299032258064516,0,514.54
7,3,388.83,5.25445945945946,0,388.83
50,2,443.16,27.6975,0,443.16
361,1,93.35000000000001,15.558333333333335,1,93.35000000000001
85,3,961.1,43.68636363636364,0,961.1
192,1,149.41,4.6690625,1,149.41
28,7,1833.37,13.002624113475177,0,1833.37
15,3,2143.84,33.4975,0,2143.84
180,2,664.1999999999999,39.07058823529411,1,664.1999999999999
318,1,243.63,243.63,1,243.63
56,6,2820.38,12.001617021276596,0,2820.38
4,7,1082.71,13.880897435897436,0,1082.71
8,5,1162.03,5.559952153110047,0,1162.03
10,3,1376.0900000000001,22.934833333333337,0,1376.0900000000001
47,1,174.57999999999998,7.935454545454545,0,174.57999999999998
119,1,233.4,13.729411764705883,1,233.4
151,1,270.92,19.351428571428574,1,270.92
109,1,330.79,20.674375,1,330.79
61,1,295.05,21.075,0,295.05
42,1,344.90000000000003,17.245,0,344.90000000000003
136,2,283.44000000000005,47.24000000000001,1,283.44000000000005
313,1,106.67999999999999,15.239999999999998,1,106.67999999999999
226,1,171.0,19.0,1,171.0
54,3,660.65,7.3405555555555555,0,660.65
275,6,429.44,9.986976744186046,1,429.44
245,1,162.72,162.72,1,162.72
367,1,323.39,24.876153846153844,1,323.39
263,1,151.45,16.827777777777776,1,151.45
8,9,1570.73,25.74967213114754,0,1570.73
31,2,508.91,20.3564,0,508.91
178,1,205.23999999999998,3.8007407407407405,1,205.23999999999998
8,3,3882.17,25.04625806451613,0,3882.17
36,2,539.49,9.464736842105264,0,539.49
88,3,371.59,16.156086956521737,0,371.59
183,4,662.33,18.923714285714286,1,662.33
21,2,546.34,68.2925,0,546.34
58,4,1320.95,17.380921052631578,0,1320.95
2,7,1237.65,17.680714285714288,0,1237.65
4,9,4217.2300000000005,91.67891304347827,0,4217.2300000000005
42,1,181.05,12.932142857142859,0,181.05
10,2,178.68,17.868000000000002,0,178.68
4,2,966.27,16.104499999999998,0,966.27
148,1,150.5,21.5,1,150.5
37,2,1574.5,10.710884353741497,0,1574.5
130,2,386.8,27.62857142857143,1,386.8
4,9,2601.19,17.00124183006536,0,2601.19
36,5,1285.3300000000002,20.083281250000002,0,1285.3300000000002
5,3,1278.5,8.195512820512821,0,1278.5
318,2,1158.18,16.085833333333333,1,1158.18
313,1,579.6,144.9,1,579.6
39,3,388.64,5.800597014925373,0,388.64
186,1,455.57,19.807391304347824,1,455.57
15,6,2543.55,17.3030612244898,0,2543.55
8,15,5019.17,16.349087947882737,0,5019.17
10,7,2898.8,28.14368932038835,0,2898.8
30,7,1947.5,19.671717171717173,0,1947.5
296,1,366.41999999999996,22.901249999999997,1,366.41999999999996
306,1,106.75,6.671875,1,106.75
218,3,217.9,31.12857142857143,1,217.9
84,1,964.21,17.53109090909091,0,964.21
192,2,420.25,16.81,1,420.25
113,3,423.93,18.43173913043478,1,423.93
66,11,3881.89,20.218177083333334,0,3881.89
43,1,180.36,4.624615384615385,0,180.36
16,5,2445.79,19.884471544715446,0,2445.79
44,3,317.76,39.72,0,317.76
22,4,1361.28,19.172957746478872,0,1361.28
78,3,1326.04,21.38774193548387,0,1326.04
137,13,2365.02,7.989932432432433,1,2365.02
16,5,868.1999999999999,3.7261802575107295,0,868.1999999999999
213,2,628.09,17.446944444444444,1,628.09
4,7,1736.57,17.02519607843137,0,1736.57
57,1,391.72,12.636129032258065,0,391.72
16,23,11276.44,77.76855172413794,0,11276.44
23,8,4266.55,10.88405612244898,0,4266.55
3,10,2664.69,20.34114503816794,0,2664.69
22,5,3489.3,16.856521739130436,0,3489.3
15,1,228.82999999999998,6.730294117647058,0,228.82999999999998
16,42,50291.38,369.7895588235294,0,50291.38
3,2,550.7,5.399019607843138,0,550.7
271,2,255.25,7.292857142857143,1,255.25
211,1,583.56,23.342399999999998,1,583.56
198,1,323.8,35.97777777777778,1,323.8
74,1,208.63,208.63,0,208.63
30,1,381.09000000000003,8.468666666666667,0,381.09000000000003
99,5,2336.7999999999997,47.68979591836734,1,2336.7999999999997
30,1,419.70000000000005,419.70000000000005,0,419.70000000000005
35,2,620.37,20.011935483870968,0,620.37
371,1,351.3,31.936363636363637,1,351.3
81,6,3035.54,27.103035714285713,0,3035.54
361,1,45.300000000000004,15.100000000000001,1,45.300000000000004
39,3,792.61,20.85815789473684,0,792.61
96,1,158.02,17.55777777777778,1,158.02
255,1,68.25,17.0625,1,68.25
10,2,330.12,27.51,0,330.12
359,1,342.36,10.69875,1,342.36
49,4,3449.79,20.907818181818183,0,3449.79
1,13,3462.08,9.256898395721924,0,3462.08
1,3,75.76,1.993684210526316,0,75.76
115,1,310.15,17.230555555555554,1,310.15
40,4,3851.0099999999998,17.584520547945203,0,3851.0099999999998
137,2,622.6700000000001,28.303181818181823,1,622.6700000000001
366,1,285.29999999999995,142.64999999999998,1,285.29999999999995
59,3,1293.72,80.8575,0,1293.72
187,1,242.06,22.005454545454544,1,242.06
45,1,205.83,15.833076923076923,0,205.83
330,1,381.66,15.2664,1,381.66
66,2,638.81,26.61708333333333,0,638.81
17,4,1372.17,19.057916666666667,0,1372.17
1,3,982.86,7.502748091603054,0,982.86
52,1,144.9,5.796,0,144.9
7,8,1101.09,4.568838174273859,0,1101.09
64,9,1743.3700000000001,24.905285714285714,0,1743.3700000000001
17,5,2878.46,28.7846,0,2878.46
8,7,2374.5,16.489583333333332,0,2374.5
8,1,353.19,5.433692307692308,0,353.19
22,1,662.4000000000001,662.4000000000001,0,662.4000000000001
135,2,699.2,18.400000000000002,1,699.2
64,4,1164.59,16.402676056338027,0,1164.59
8,2,678.11,19.37457142857143,0,678.11
89,1,323.05,5.127777777777778,0,323.05
262,1,156.6,17.4,1,156.6
156,1,31.85,15.925,1,31.85
9,17,5557.62,24.92206278026906,0,5557.62
1,3,756.51,4.612865853658537,0,756.51
14,9,4849.91,17.896346863468633,0,4849.91
11,2,1617.32,11.077534246575341,0,1617.32
204,1,636.08,8.595675675675675,1,636.08
11,23,28019.58,100.42860215053764,0,28019.58
54,2,623.49,5.328974358974359,0,623.49
98,3,321.35,16.913157894736845,1,321.35
5,16,5080.53,32.99045454545455,0,5080.53
46,5,2121.18,18.28603448275862,0,2121.18
95,2,827.25,9.294943820224718,1,827.25
355,1,310.72,16.353684210526318,1,310.72
3,14,4298.3,14.924652777777778,0,4298.3
45,6,2644.01,41.9684126984127,0,2644.01
52,9,2651.45,55.23854166666666,0,2651.45
17,9,1669.93,9.940059523809524,0,1669.93
297,2,283.73,23.644166666666667,1,283.73
123,2,258.34,18.45285714285714,1,258.34
11,8,2083.16,16.66528,0,2083.16
10,6,1853.7,48.78157894736842,0,1853.7
24,9,6640.39,69.17072916666667,0,6640.39
61,3,574.48,3.4607228915662653,0,574.48
64,1,217.03,18.085833333333333,0,217.03
12,1,358.61,14.3444,0,358.61
70,2,851.91,17.38591836734694,0,851.91
40,1,240.3,16.02,0,240.3
56,1,134.6,19.228571428571428,0,134.6
21,2,916.47,19.49936170212766,0,916.47
98,1,39.95,39.95,1,39.95
32,6,659.16,25.35230769230769,0,659.16
93,1,258.6,25.860000000000003,1,258.6
137,7,1351.55,18.771527777777777,1,1351.55
107,8,7713.25,16.87800875273523,1,7713.25
60,3,1265.58,17.10243243243243,0,1265.58
70,6,743.0,13.267857142857142,0,743.0
53,2,3502.48,100.07085714285715,0,3502.48
2,6,2018.6999999999998,134.57999999999998,0,2018.6999999999998
36,3,437.15,8.09537037037037,0,437.15
254,3,599.73,5.170086206896552,1,599.73
217,2,385.2,38.519999999999996,1,385.2
360,3,454.54,34.964615384615385,1,454.54
49,4,1322.07,18.886714285714284,0,1322.07
302,2,424.55,15.1625,1,424.55
68,1,171.15,17.115000000000002,0,171.15
264,2,43.87,2.3089473684210526,1,43.87
79,2,712.48,8.189425287356322,0,712.48
21,2,1356.95,17.39679487179487,0,1356.95
15,11,2750.83,15.54141242937853,0,2750.83
128,1,277.48,4.784137931034483,1,277.48
9,2,439.7,14.183870967741935,0,439.7
26,3,529.75,6.705696202531645,0,529.75
109,1,536.41,9.933518518518518,1,536.41
204,1,1109.4,17.893548387096775,1,1109.4
204,2,1234.88,30.872000000000003,1,1234.88
81,1,68.44,68.44,0,68.44
105,1,450.15999999999997,16.077142857142857,1,450.15999999999997
12,3,1130.2,15.918309859154931,0,1130.2
56,5,3626.29,20.25860335195531,0,3626.29
63,3,645.16,7.590117647058823,0,645.16
53,2,531.49,16.6090625,0,531.49
101,1,161.35,5.378333333333333,1,161.35
2,20,21356.82,73.13979452054794,0,21356.82
86,4,2240.9,29.102597402597404,0,2240.9
72,2,923.85,54.34411764705882,0,923.85
233,5,731.2,52.228571428571435,1,731.2
70,2,233.21,3.701746031746032,0,233.21
9,2,688.95,16.40357142857143,0,688.95
9,14,4656.72,34.49422222222223,0,4656.72
43,1,485.86,24.293,0,485.86
67,4,417.21000000000004,9.069782608695652,0,417.21000000000004
12,2,1443.03,39.00081081081081,0,1443.03
1,8,4220.21,21.42238578680203,0,4220.21
70,1,97.05000000000001,32.35,0,97.05000000000001
64,1,562.48,7.499733333333333,0,562.48
232,3,6116.92,76.4615,1,6116.92
32,4,1269.0900000000001,20.4691935483871,0,1269.0900000000001
158,2,365.5,45.6875,1,365.5
189,1,182.64000000000001,91.32000000000001,1,182.64000000000001
71,8,1697.39,19.96929411764706,0,1697.39
43,3,1396.05,14.542187499999999,0,1396.05
21,1,172.8,14.4,0,172.8
50,1,466.98,16.677857142857142,0,466.98
115,2,1818.79,90.9395,1,1818.79
2,6,2080.0,346.6666666666667,0,2080.0
148,3,549.28,26.156190476190474,1,549.28
123,1,152.2,16.91111111111111,1,152.2
17,2,359.4,119.8,0,359.4
25,1,346.73,16.510952380952382,0,346.73
51,4,1247.02,17.31972222222222,0,1247.02
74,4,3802.04,52.0827397260274,0,3802.04
113,2,328.95,19.349999999999998,1,328.95
26,1,318.04,17.66888888888889,0,318.04
31,2,1032.88,17.506440677966104,0,1032.88
33,3,952.23,11.472650602409638,0,952.23
155,3,2145.06,34.04857142857143,1,2145.06
63,3,1723.04,63.816296296296294,0,1723.04
175,3,324.08,10.454193548387096,1,324.08
11,2,372.51,4.233068181818182,0,372.51
74,2,394.14,10.652432432432432,0,394.14
122,1,30.599999999999998,30.599999999999998,1,30.599999999999998
5,6,690.3000000000001,15.688636363636364,0,690.3000000000001
150,2,230.06,5.477619047619048,1,230.06
124,3,449.0,10.204545454545455,1,449.0
1,17,4618.41,8.780247148288973,0,4618.41
23,1,87.6,10.95,0,87.6
16,12,4020.85,15.645330739299611,0,4020.85
318,1,21.0,21.0,1,21.0
246,1,414.72,414.72,1,414.72
264,1,381.0,54.42857142857143,1,381.0
18,2,786.25,8.934659090909092,0,786.25
129,3,281.26,5.6251999999999995,1,281.26
35,3,3424.02,856.005,0,3424.02
368,1,191.74,13.695714285714287,1,191.74
229,1,122.93,3.152051282051282,1,122.93
30,1,163.8,5.6482758620689655,0,163.8
325,1,291.38,5.603461538461539,1,291.38
21,2,407.84,9.06311111111111,0,407.84
143,1,300.31,18.769375,1,300.31
7,11,3955.6800000000003,17.42590308370044,0,3955.6800000000003
12,17,4006.17,11.887744807121662,0,4006.17
366,1,234.38,14.64875,1,234.38
22,9,2149.65,16.409541984732826,0,2149.65
257,2,686.76,38.153333333333336,1,686.76
267,1,724.89,15.101875,1,724.89
147,4,1212.21,18.09268656716418,1,1212.21
22,5,2004.6200000000001,17.431478260869568,0,2004.6200000000001
42,3,1027.15,27.760810810810813,0,1027.15
159,1,276.75,13.178571428571429,1,276.75
1,60,14218.49,10.470169366715758,0,14218.49
134,2,3710.5,1855.25,1,3710.5
199,1,36.13,3.6130000000000004,1,36.13
260,1,205.91,10.2955,1,205.91
228,1,163.2,163.2,1,163.2
31,7,2182.41,16.917906976744185,0,2182.41
184,1,164.18,10.26125,1,164.18
59,1,261.35,16.334375,0,261.35
3,1,181.12,6.037333333333334,0,181.12
29,4,1198.9,54.49545454545455,0,1198.9
291,1,325.74,40.7175,1,325.74
51,1,692.3,15.384444444444444,0,692.3
92,1,1895.0,118.4375,1,1895.0
53,2,1408.96,18.786133333333336,0,1408.96
92,1,132.04,10.156923076923077,1,132.04
297,1,197.70000000000002,19.770000000000003,1,197.70000000000002
30,3,434.5,36.208333333333336,0,434.5
43,1,375.81,8.739767441860465,0,375.81
5,1,211.8,3.7157894736842105,0,211.8
9,4,643.26,6.563877551020408,0,643.26
31,5,977.5600000000001,16.568813559322034,0,977.5600000000001
45,2,393.05,23.120588235294118,0,393.05
318,1,15.58,15.58,1,15.58
64,4,1083.69,5.338374384236453,0,1083.69
99,4,1275.81,17.240675675675675,1,1275.81
207,1,215.35,8.282692307692308,1,215.35
134,1,400.2,19.057142857142857,1,400.2
26,2,186.60000000000002,62.20000000000001,0,186.60000000000002
10,1,2945.38,34.651529411764706,0,2945.38
98,1,582.64,15.747027027027027,1,582.64
30,3,1526.88,20.358400000000003,0,1526.88
108,8,2348.16,6.39825613079019,1,2348.16
51,7,2497.86,30.83777777777778,0,2497.86
198,2,2322.43,32.710281690140846,1,2322.43
57,2,648.4,16.625641025641023,0,648.4
44,1,245.15,35.02142857142857,0,245.15
112,31,14979.26,12.36933113129645,1,14979.26
32,2,1552.88,19.90871794871795,0,1552.88
299,1,237.42,26.38,1,237.42
72,3,660.0,165.0,0,660.0
5,11,2010.1699999999998,22.842840909090906,0,2010.1699999999998
113,1,193.65,16.1375,1,193.65
17,1,583.39,20.11689655172414,0,583.39
25,3,891.02,18.18408163265306,0,891.02
26,2,287.25,41.035714285714285,0,287.25
31,2,702.96,18.024615384615384,0,702.96
7,5,1191.1,11.911,0,1191.1
100,5,2312.53,12.776408839779007,1,2312.53
11,3,733.7,8.631764705882354,0,733.7
332,1,658.95,20.5921875,1,658.95
68,2,249.88,20.823333333333334,0,249.88
219,4,1131.45,16.397826086956524,1,1131.45
269,4,1973.94,8.773066666666667,1,1973.94
214,1,182.1,26.014285714285712,1,182.1
32,1,550.84,6.259545454545455,0,550.84
14,15,6650.83,23.25465034965035,0,6650.83
68,2,249.70000000000002,16.64666666666667,0,249.70000000000002
15,5,669.91,26.7964,0,669.91
148,1,311.37,8.896285714285714,1,311.37
196,3,573.23,9.245645161290323,1,573.23
246,1,17.65,8.825,1,17.65
5,4,935.44,6.363537414965987,0,935.44
10,17,7318.91,26.42205776173285,0,7318.91
80,1,349.5,116.5,0,349.5
228,1,140.75,70.375,1,140.75
108,2,632.9399999999999,9.44686567164179,1,632.9399999999999
19,8,2235.13,11.065000000000001,0,2235.13
80,4,2346.19,93.8476,0,2346.19
25,8,1622.23,7.441422018348624,0,1622.23
1,5,1723.45,17.40858585858586,0,1723.45
1,6,2483.8,12.235467980295567,0,2483.8
17,5,1298.99,44.79275862068965,0,1298.99
40,5,1563.42,10.857083333333334,0,1563.42
228,3,1139.1,29.97631578947368,1,1139.1
21,1,107.01,3.6900000000000004,0,107.01
1,4,1160.84,17.071176470588235,0,1160.84
59,7,896.06,18.667916666666667,0,896.06
57,2,543.5699999999999,41.81307692307692,0,543.5699999999999
24,3,432.18,18.790434782608695,0,432.18
372,1,107.33,17.888333333333332,1,107.33
365,1,517.7,9.244642857142859,1,517.7
116,2,457.82,14.306875,1,457.82
266,2,332.17,18.45388888888889,1,332.17
57,4,1088.91,4.575252100840337,0,1088.91
31,5,1205.44,7.350243902439025,0,1205.44
326,1,60.959999999999994,10.159999999999998,1,60.959999999999994
158,2,710.98,21.544848484848487,1,710.98
64,1,40.56,40.56,0,40.56
54,5,2396.23,10.240299145299145,0,2396.23
141,4,1629.79,33.26102040816326,1,1629.79
1,2,975.5600000000001,16.259333333333334,0,975.5600000000001
84,1,213.0,16.384615384615383,0,213.0
218,3,1220.83,20.347166666666666,1,1220.83
224,1,146.56,6.979047619047619,1,146.56
269,3,722.98,13.641132075471699,1,722.98
231,1,211.15,17.595833333333335,1,211.15
36,5,3345.02,47.11295774647887,0,3345.02
305,2,198.6,39.72,1,198.6
44,5,1511.7,24.38225806451613,0,1511.7
148,4,3120.91,17.33838888888889,1,3120.91
103,3,632.39,19.7621875,1,632.39
31,11,3999.8900000000003,83.33104166666668,0,3999.8900000000003
15,13,9365.47,26.160530726256983,0,9365.47
79,1,2803.2,2803.2,0,2803.2
128,3,1535.37,18.49843373493976,1,1535.37
2,5,1979.6000000000001,39.592000000000006,0,1979.6000000000001
1,20,4568.99,9.362684426229508,0,4568.99
2,11,2867.15,6.959101941747573,0,2867.15
3,2,560.55,20.019642857142856,0,560.55
31,1,100.35,50.175,0,100.35
74,4,902.28,8.845882352941176,0,902.28
26,13,3001.91,10.280513698630136,0,3001.91
8,4,1253.78,35.82228571428571,0,1253.78
212,4,1033.81,22.47413043478261,1,1033.81
220,4,1010.73,18.37690909090909,1,1010.73
16,6,1732.06,8.490490196078431,0,1732.06
177,5,4689.43,18.60884920634921,1,4689.43
228,1,50.48,16.826666666666664,1,50.48
127,2,170.88,21.36,1,170.88
40,9,10776.42,68.63961783439491,0,10776.42
33,2,1653.3,53.332258064516125,0,1653.3
253,3,986.08,31.809032258064516,1,986.08
80,4,1034.32,19.154074074074074,0,1034.32
369,2,207.85,34.641666666666666,1,207.85
71,1,390.86,17.766363636363636,0,390.86
130,4,3228.41,10.447928802588997,1,3228.41
15,6,4585.06,24.91880434782609,0,4585.06
63,4,1555.83,12.547016129032258,0,1555.83
51,1,169.0,15.363636363636363,0,169.0
269,1,334.45,15.926190476190476,1,334.45
120,2,805.3000000000001,47.37058823529412,1,805.3000000000001
45,3,2179.42,20.95596153846154,0,2179.42
234,3,1556.54,7.82180904522613,1,1556.54
214,1,135.39,8.461875,1,135.39
59,3,901.0699999999999,40.95772727272727,0,901.0699999999999
24,4,1058.1399999999999,70.54266666666666,0,1058.1399999999999
68,1,281.76,21.673846153846153,0,281.76
70,1,34.8,34.8,0,34.8
9,1,255.0,8.225806451612904,0,255.0
2,4,2062.2000000000003,71.11034482758622,0,2062.2000000000003
11,4,881.37,8.556990291262135,0,881.37
8,1,244.08,244.08,0,244.08
1,13,5192.27,40.564609375,0,5192.27
40,1,310.56,28.232727272727274,0,310.56
59,3,3723.5499999999997,53.96449275362318,0,3723.5499999999997
4,3,422.45,16.248076923076923,0,422.45
36,2,241.56,5.0325,0,241.56
56,2,540.87,16.39,0,540.87
66,1,53.65,13.4125,0,53.65
2,19,5535.02,17.296937500000002,0,5535.02
22,3,372.22,2.8854263565891474,0,372.22
113,2,560.71,19.3348275862069,1,560.71
5,19,7641.99,38.989744897959184,0,7641.99
254,1,421.45000000000005,16.858,1,421.45000000000005
1,14,6251.71,26.7167094017094,0,6251.71
18,4,2345.71,27.596588235294117,0,2345.71
15,1,451.28999999999996,10.745,0,451.28999999999996
124,1,460.71,6.225810810810811,1,460.71
89,7,881.72,6.8350387596899225,0,881.72
63,2,830.09,18.045434782608698,0,830.09
45,1,259.09,16.193125,0,259.09
114,1,1634.64,36.32533333333333,1,1634.64
86,6,1175.78,26.722272727272728,0,1175.78
196,1,135.95,19.42142857142857,1,135.95
64,1,68.03,2.51962962962963,0,68.03
58,3,901.9300000000001,4.7975,0,901.9300000000001
31,4,13151.44,526.0576,0,13151.44
78,6,1988.84,17.600353982300884,0,1988.84
25,1,254.13,4.794905660377358,0,254.13
26,1,383.33,19.1665,0,383.33
70,3,661.39,16.958717948717947,0,661.39
16,9,6568.09,29.991278538812786,0,6568.09
68,1,438.46,19.93,0,438.46
134,3,973.73,16.228833333333334,1,973.73
32,12,7298.99,25.79148409893993,0,7298.99
71,2,1815.72,17.62834951456311,0,1815.72
184,4,262.64,7.958787878787878,1,262.64
254,2,691.6,13.832,1,691.6
165,1,259.68,21.64,1,259.68
25,16,4762.07,31.32940789473684,0,4762.07
182,1,1575.26,18.106436781609194,1,1575.26
31,2,258.7,3.98,0,258.7
15,7,2400.05,21.239380530973452,0,2400.05
8,6,1851.8999999999999,15.694067796610168,0,1851.8999999999999
64,4,1199.31,16.89169014084507,0,1199.31
253,3,1398.76,14.570416666666667,1,1398.76
177,1,20.6,10.3,1,20.6
51,5,2096.98,22.793260869565216,0,2096.98
17,1,213.08,6.65875,0,213.08
197,2,330.77,6.485686274509804,1,330.77
57,4,456.70000000000005,26.864705882352943,0,456.70000000000005
43,3,2715.0,77.57142857142857,0,2715.0
44,2,467.89,3.20472602739726,0,467.89
253,1,632.28,126.45599999999999,1,632.28
65,1,1106.7,14.188461538461539,0,1106.7
175,1,299.86,16.65888888888889,1,299.86
31,4,824.19,8.95858695652174,0,824.19
8,16,1957.98,16.87913793103448,0,1957.98
38,2,681.65,29.63695652173913,0,681.65
217,2,223.39,18.61583333333333,1,223.39
30,3,393.39,7.285,0,393.39
158,2,3070.54,40.40184210526316,1,3070.54
186,1,451.56,15.052,1,451.56
50,2,835.46,26.950322580645164,0,835.46
3,3,1674.41,18.81359550561798,0,1674.41
9,4,818.7900000000001,22.74416666666667,0,818.7900000000001
32,21,10924.19,52.26885167464115,0,10924.19
30,4,1040.32,5.533617021276595,0,1040.32
246,1,187.35000000000002,17.031818181818185,1,187.35000000000002
37,5,3038.85,26.65657894736842,0,3038.85
147,4,1378.74,47.54275862068965,1,1378.74
374,1,128.60000000000002,16.075000000000003,1,128.60000000000002
56,3,586.1,39.07333333333334,0,586.1
19,1,349.51,7.943409090909091,0,349.51
21,7,1385.6299999999999,6.050786026200873,0,1385.6299999999999
16,1,305.46999999999997,4.559253731343283,0,305.46999999999997
176,2,1061.69,20.03188679245283,1,1061.69
68,1,492.1,22.36818181818182,0,492.1
26,3,1260.38,8.752638888888889,0,1260.38
23,14,6878.88,30.985945945945947,0,6878.88
56,10,2285.04,16.67912408759124,0,2285.04
16,3,264.9,17.66,0,264.9
95,1,90.65,18.130000000000003,1,90.65
164,2,297.0,148.5,1,297.0
10,9,2464.27,15.211543209876544,0,2464.27
320,1,307.1,51.18333333333334,1,307.1
17,7,3871.19,9.97729381443299,0,3871.19
98,1,148.71,24.785,1,148.71
129,1,321.78,35.75333333333333,1,321.78
284,2,336.03999999999996,21.002499999999998,1,336.03999999999996
240,2,282.68,3.7194736842105263,1,282.68
234,1,337.4,16.869999999999997,1,337.4
112,2,266.63,16.664375,1,266.63
49,1,429.68,61.38285714285714,0,429.68
359,1,98.30000000000001,32.76666666666667,1,98.30000000000001
11,26,15848.07,24.45689814814815,0,15848.07
354,1,321.88000000000005,26.823333333333338,1,321.88000000000005
255,1,1065.12,66.57,1,1065.12
232,2,577.8100000000001,19.260333333333335,1,577.8100000000001
37,1,59.400000000000006,59.400000000000006,0,59.400000000000006
361,1,431.98,20.570476190476192,1,431.98
305,2,467.78999999999996,27.51705882352941,1,467.78999999999996
80,7,2114.71,31.562835820895522,0,2114.71
95,5,7111.650000000001,32.924305555555556,1,7111.650000000001
1,6,6765.07,38.87971264367816,0,6765.07
57,1,327.68,17.246315789473684,0,327.68
285,2,271.28999999999996,22.607499999999998,1,271.28999999999996
66,1,228.0,13.411764705882353,0,228.0
246,1,433.71999999999997,16.063703703703702,1,433.71999999999997
11,11,10507.5,106.13636363636364,0,10507.5
112,2,140.39000000000001,4.679666666666667,1,140.39000000000001
364,1,465.42,16.04896551724138,1,465.42
10,3,459.14,11.4785,0,459.14
10,10,3171.54,17.52232044198895,0,3171.54
24,4,2012.03,17.051101694915253,0,2012.03
7,4,814.43,7.541018518518518,0,814.43
59,1,351.01,14.625416666666666,0,351.01
59,2,1076.2,18.880701754385967,0,1076.2
134,6,1758.52,17.5852,1,1758.52
66,2,795.98,15.9196,0,795.98
31,1,231.34,16.524285714285714,0,231.34
64,5,1155.0300000000002,31.217027027027033,0,1155.0300000000002
2,8,1128.09,14.65051948051948,0,1128.09
14,11,2635.6,41.18125,0,2635.6
4,6,3329.39,33.63020202020202,0,3329.39
112,2,1296.43,19.349701492537314,1,1296.43
21,2,1713.69,33.60176470588235,0,1713.69
15,12,5579.87,42.271742424242426,0,5579.87
37,1,262.4,21.866666666666664,0,262.4
47,1,120.75,4.472222222222222,0,120.75
176,1,236.2,6.561111111111111,1,236.2
247,1,209.4,29.914285714285715,1,209.4
9,1,95.29,19.058,0,95.29
56,2,571.34,17.313333333333333,0,571.34
67,10,1882.3200000000002,19.207346938775512,0,1882.3200000000002
73,2,556.52,5.858105263157895,0,556.52
56,1,432.68,16.641538461538463,0,432.68
14,3,863.5600000000001,8.6356,0,863.5600000000001
16,2,409.17,17.79,0,409.17
198,1,235.78,10.717272727272727,1,235.78
374,1,130.0,130.0,1,130.0
190,1,65.05,4.646428571428571,1,65.05
117,2,442.28999999999996,10.787560975609756,1,442.28999999999996
8,2,623.0,15.974358974358974,0,623.0
8,1,1056.63,16.771904761904764,0,1056.63
213,1,417.59999999999997,417.59999999999997,1,417.59999999999997
276,1,357.4,21.023529411764706,1,357.4
40,2,1362.75,17.25,0,1362.75
4,14,4811.16,26.434945054945054,0,4811.16
24,4,836.3,28.837931034482757,0,836.3
21,1,224.51,14.967333333333332,0,224.51
25,3,2040.92,15.117925925925926,0,2040.92
93,2,622.8199999999999,16.389999999999997,1,622.8199999999999
10,49,20139.739999999998,29.748508124076807,0,20139.739999999998
43,5,3419.27,7.860390804597701,0,3419.27
